"","month","month.1","co2_flux","co2_mixing_ratio","co2_mole_fraction","air_pressure","U_insitu","u.","x_90.","co2_flux_sd","co2_mixing_ratio_sd","co2_mole_fraction_sd","air_pressure_sd","U_insitu_sd","radian_wd_sd","u._sd","x_90._sd","lat_site","lon_site","PP_air","SEA_SURFACE","chlor_a","p_CO2_zhu","delta_p_co2_zhu","p_CO2_zhui","delta_p_co2_zhui","p_CO2_lef","delta_p_p_lef","k_theory","k_N2000","k_W2014","k_MG2001","k_WMG1999","k_MG2001_co2_zhu","k_MG2001_co2_zhui","k_MG2001_co2_lef","k_theory_co2_zhu","k_theory_co2_zhui","k_theory_co2_lef","k_WMG1999_co2_zhu","k_WMG1999_co2_zhui","k_WMG1999_co2_lef","k_N2000_co2_zhu","k_N2000_co2_zhui","k_N2000_co2_lef","k_W2014_co2_zhu","k_W2014_co2_zhui","k_W2014_co2_lef"
"1",2016-01-15,"2016 01",-0.0495869964820359,397.631949020714,386.338186155952,101059.072544286,0.691736273211813,0.0499624984,436.80120058119,0.154294056312732,12.8719053056529,12.9077050563464,158.590933190368,0.651255554521317,0.436223379784747,0.0319595666288698,2104.21420585934,5.468333,100.2002778,385.324241612259,30.0805882352941,1.25615384615385,399.588397284677,14.2641556724178,527.558815270981,142.234573658722,565.88846217647,180.564220564211,29.0800582217727,0.408222888997049,0.152541308327738,4.2022093274242,0.011897089556086,0.0176742604298206,0.176238324559919,0.223731367761952,0.12230911938911,1.21960148573835,1.54826204351472,5.00385018420898e-05,0.000498957326285578,0.000633417307747758,0.00171696293339346,0.017120641167095,0.0217343445294356,0.00064158032111708,0.00639749772349802,0.00812150773395238
"2",2016-02-15,"2016 02",-0.0972303600021142,396.46630308551,385.264577923435,100998.291651878,1.03543370016822,0.0594247679194991,1129.19320214669,0.138139566563599,11.9596214764981,11.5809425778447,183.691154321153,0.830934415249071,0.384331884225253,0.0200355538373522,2394.75058044347,5.468333,100.2002778,384.022345958538,30.14,1.28,401.920835999998,17.8984900414603,529.150812,145.128466041462,567.269553999999,183.247208041461,34.6537534697693,0.70788662236257,0.342272181562337,4.23398388955984,0.0399582640843771,0.0223451406860261,0.181183774929153,0.228772630234336,0.182887563292397,1.48292908827525,1.87242808087198,0.000210882482273123,0.00170992363581622,0.00215904392001159,0.00373592025360585,0.0302924087117469,0.0382488664883468,0.00180636493888941,0.0146467647318204,0.0184938132204845
"3",2016-03-15,"2016 03",-0.0485186537880795,404.194506000276,392.546686374586,100948.39058232,0.718313163820531,0.044896978461326,491.639658782873,0.152771054454069,12.2587123079553,11.4612529140409,176.683129858811,0.596191032842232,0.43852228748951,0.0413556643639368,1003.26246305772,5.468333,100.2002778,391.087650806191,30.545,0.881666666666667,393.141933027776,2.05428222158474,562.134337166666,171.046686360475,576.684224500002,185.596573693811,26.5255350371164,0.433863270532263,0.166334261862311,4.25070168708286,0.0134712611310317,0.00257476876963728,0.21438420756577,0.232620550709856,0.0160672576527847,1.3378157837966,1.451615526669,8.15991923244389e-06,0.000679423270577656,0.000737217620464785,0.000262803104403639,0.0218819009876897,0.0237432594318931,0.000100753309521859,0.00838907115706371,0.0091026777329279
"4",2016-04-15,"2016 04",-0.0379449480629371,410.658781688601,397.052075485492,100853.54828342,0.490978419085655,0.0370339464352332,105.637305699482,0.130593299138591,9.48314787406979,9.0878556952721,149.247132271215,0.534313585099627,0.437608693581972,0.0232591444934285,1516.51136901476,5.468333,100.2002778,395.204645112342,32.1141666666667,0.595,440.339633881942,45.1349887695997,651.799755715278,256.595110602935,613.161229749999,217.956584637657,23.0071295120337,0.276328266439965,0.0806787245063282,4.40432364046882,0.00446615859330113,0.0586151743278702,0.333230771728927,0.283052318228299,0.306191601075936,1.74071756492134,1.47859736835022,5.94381080710943e-05,0.000337909199277439,0.000287026260239713,0.00367752936234554,0.0209069743717799,0.0177587667920593,0.00107371707611052,0.00610414579490065,0.00518497319165848
"5",2016-05-15,"2016 05",0.00726814834939759,411.4053207671,397.824928119481,100752.031108936,0.404512670750679,0.0383470172425532,-93.3750027046809,0.112485350650471,12.7516791858292,11.3125185881331,109.049625113013,0.472103251688549,0.429546694036761,0.0291731883631007,1872.37770105836,5.468333,100.2002778,395.575322317337,32.4366666666667,0.355,462.257540944443,66.6822186271053,678.324436527778,282.749114210441,620.658097000001,225.082774682663,24.0679161480867,0.219446729348507,0.05518426168094,4.43626643793489,0.00251686592051676,0.0872258399848238,0.369859154355512,0.294426827601528,0.473223200651226,2.00658351750724,1.59734323841907,4.94866003017724e-05,0.000209835435723259,0.00016703975264865,0.00431476007294463,0.0182956508312662,0.0145642749941973,0.00108503257106059,0.00460080670189569,0.00366247774509575
"6",2016-06-15,"2016 06",-0.000699661759259259,409.895417589912,397.026592644298,100765.709713596,0.376445902046657,0.0344474820438596,-75.469298245614,0.130879234734043,15.460721486742,14.452958683566,148.219187208507,0.396334613967018,0.441488582438117,0.0224828153559487,2357.78384035089,5.468333,100.2002778,394.835098771021,32.378,0.44,455.885258039998,61.0501592689773,672.080210039999,277.245111268979,619.294325800001,224.45922702898,21.5802864508363,0.200932120004016,0.0477258588629534,4.42966947699891,0.00202567160531646,0.0797398879847536,0.362120171046677,0.293174560635919,0.388473594520743,1.76416255465352,1.42827608955321,3.64647583167457e-05,0.000165596226086503,0.000134067651314621,0.00361704294752807,0.0164259600050163,0.0132985511234421,0.000859128352458113,0.0039015317654154,0.00315870242142711
"7",2016-07-15,"2016 07",-0.0191281080724638,405.124099498919,392.400610591892,100731.358472432,0.406898282787062,0.038333145227027,-403.949266507027,0.123242384942627,15.3239817805662,13.9718672008917,127.606181772307,0.459857220347211,0.420871049997131,0.0279697088270049,2680.92559895372,5.468333,100.2002778,390.101619248292,31.2657142857143,0.51,413.637773183673,23.5361539353804,609.78406422449,219.682444976197,593.438020857142,203.33640160885,23.1778365279144,0.214946627427422,0.0543033753797293,4.31445341943546,0.00249129637617909,0.0299418601878371,0.279472214162896,0.258677357599958,0.160851786613138,1.50136313090835,1.38965030446642,1.72893390031732e-05,0.000161375740261873,0.000149368158822928,0.00149170734751404,0.0139233418591059,0.0128873394153421,0.000376859804772267,0.0035175451160341,0.00325581302806719
"8",2016-08-15,"2016 08",-0.004544140875,403.700294168571,390.83597959619,100708.351207619,0.419537172522589,0.0353367935666667,-130.371428571429,0.13838821458298,14.0152834055079,12.4544911320043,131.521560330447,0.479088279211545,0.43697355407915,0.0248670798947961,1980.05599097839,5.468333,100.2002778,388.457410291113,30.56,0.48,397.503776,9.04636570888698,577.047632,188.590221708887,577.032916000001,188.575505708888,20.8873708045923,0.219350987906119,0.0567611747767836,4.24231875753837,0.00268493969932278,0.0113160520280074,0.235906531916427,0.235888123748219,0.0557154208021367,1.16150329312429,1.16141265914388,7.16186573100152e-06,0.000149303918227847,0.000149292267801645,0.000585101528999851,0.0121976526958103,0.0121967008932437,0.000151405974811192,0.00315637099765294,0.00315612470091932
"9",2016-09-15,"2016 09",0.0266411971925926,401.753117887435,389.359434007853,100759.083917277,0.572633544724809,0.0360537506649215,-400.046727105236,0.110207946163281,19.2723024204728,18.0361501708873,152.410552891526,0.594019703901354,0.466805753987869,0.0358827197077317,2506.33661762869,5.468333,100.2002778,387.184800248517,30.99,0.74,402.279970999998,15.0951707514813,588.133934999999,200.949134751483,587.028739,199.843938751483,21.607709596939,0.326626012827679,0.106842217336776,4.290141009629,0.00689814615620244,0.0190953267695032,0.254199800406494,0.252801732169189,0.0961754577688722,1.28030184892649,1.27326034320428,3.07035024398578e-05,0.000408729543421959,0.000406481580239484,0.00145380546522032,0.0193532723241526,0.0192468316610166,0.000475552446468526,0.00633062415921486,0.00629580649002252
"10",2016-10-15,"2016 10",0.00492532810638298,404.108754474545,392.082054926667,100752.563294545,0.559646493624748,0.0338688511333333,-13.3212121212121,0.100654693337168,17.3302376857792,15.5584459503316,166.95560114532,0.573574102338931,0.411920207004414,0.024030618473957,1843.32397926548,5.468333,100.2002778,389.866983031379,30.008,0.78,383.562563839998,-6.30441919138065,542.40484784,152.537864808621,564.201068800001,174.334085768623,19.6668701978907,0.309825043652956,0.0996725295890285,4.18974393787639,0.00628929522698967,-0.00778843251871865,0.188444142203558,0.215371031256581,-0.0365592966209548,0.884566345634169,1.01096252632945,-1.16913472975955e-05,0.000282876677355065,0.000323297084260575,-0.00057594246352038,0.0139351510378828,0.015926352576686,-0.00018528406083633,0.00448301963512917,0.00512360082235041
"11",2016-11-15,"2016 11",-0.00422270314285714,414.025620997938,401.481544791753,100746.56273686,0.439417030676409,0.0360335431740614,174.587030716724,0.112087675411089,29.2143061091892,30.3155223954958,157.631143542209,0.525025369276444,0.478512389796029,0.0216596121543249,1656.35368947147,5.468333,100.2002778,399.189594276376,29.99,0.634,384.338267399997,-14.8513268763792,546.85001224,147.660417963624,563.782639000001,164.593044723625,20.9117169446597,0.228965489603361,0.0614205314149659,4.18494966903965,0.00304300852308829,-0.0183262241414204,0.182209841513967,0.203104345815824,-0.0915740551779957,0.910481829318096,1.01488928800079,-1.33255739420077e-05,0.000132490506354119,0.000147683557574457,-0.00100265790868738,0.00996900055487882,0.0111121733014682,-0.000268965343579417,0.00267420785908585,0.00298086663860873
"12",2016-12-15,"2016 12",-0.0555206565354331,404.759631449168,392.283376919593,100711.484850462,0.70243722738534,0.0488905312550832,445.401109057301,0.149125979766603,18.0898667956813,18.3213187815348,140.395766279256,0.681532475715012,0.434470160584755,0.0184831597857096,1505.6935106697,5.468333,100.2002778,389.908130981749,29.4333333333333,0.625,379.414648611109,-10.4934823706406,524.959804861111,135.051673879361,550.84231,160.934179018251,27.8680070495657,0.41011998469809,0.154864820617193,4.13773130937119,0.0122651540659462,-0.012802636666144,0.164770611962869,0.196348718981938,-0.0862269543836931,1.10974546978023,1.32242697160377,-3.79498569191654e-05,0.000488416668498455,0.000582021187192705,-0.0012689603942437,0.0163315874822177,0.0194615183064169,-0.000479170318826428,0.0061669473817266,0.00734883608190947
"13",2017-01-15,"2017 01",-0.0481324707452471,405.663496077919,393.214841735279,100737.635506354,0.546656991612063,0.0494740486050633,352.984810126582,0.15197594840302,12.9731098096387,12.5369958241005,218.950065402645,0.580298130766147,0.439195695938464,0.0223982588729305,1801.53521805727,5.468333,100.2002778,390.935439451442,30.094,0.772,384.701144759998,-6.2342946914444,546.317018519999,155.381579068557,566.200233399999,175.264793948557,28.8082138583842,0.301348194762449,0.0952963569122496,4.19802782887691,0.00587359394346249,-0.00771702910513931,0.192336780248793,0.216948922524208,-0.052956729653625,1.31987669546312,1.48877311232485,-1.07971402908961e-05,0.000269104492305525,0.000303540121533641,-0.000553953638364792,0.0138065643861874,0.015573304614281,-0.000175178629080769,0.00436609646364479,0.00492479869008537
"14",2017-02-15,"2017 02",-0.0677247586507937,403.485844933333,391.48724247983,100895.305071762,0.813557527156437,0.0541277938280255,586,0.12816348860502,12.3184838910841,11.5638603878696,191.014392785368,0.807290207320949,0.398905749243396,0.021217281203185,3328.77480240199,5.468333,100.2002778,389.827039345723,29.623,1.77666666666667,443.18508510111,53.3580457553863,487.646072656667,97.8190333109436,555.251320300001,165.424280954278,31.0427983894171,0.501248467321159,0.20868867565345,4.16294979330729,0.0191425532842944,0.0654965743833082,0.120072080988963,0.203056981734257,0.488402948564798,0.895368329526954,1.51418039095116,0.000301173861641785,0.00055212921663926,0.000933719906698158,0.00788624873093589,0.0144575240039021,0.0244494903678132,0.00328334331340357,0.00601921349251563,0.0101792466170108
"15",2017-03-15,"2017 03",-0.0325147809649123,410.579446231441,396.940914803057,100754.693059227,0.461067385017615,0.041770702167382,-145.733905579399,0.135031959003461,22.6085112993524,22.420095891905,174.584641514541,0.49040886339113,0.425807556424731,0.0224204532405717,2321.73292286074,5.468333,100.2002778,394.706736083207,31.3390909090909,NA,NA,NA,NA,NA,595.143741181818,200.437005098611,25.3157603229324,0.250920376077759,0.0698466651831472,4.32307071943244,0.00363097109677254,NA,NA,0.255498139923399,NA,NA,1.49618872626377,NA,NA,0.00021459430611924,NA,NA,0.0148296647261796,NA,NA,0.00412801320920548
"16",2017-04-15,"2017 04",-0.0255469942349398,411.248034191701,397.299163325311,100799.147910359,0.505566551108484,0.0449923856135458,-86.5200055270916,0.140956511387344,28.6955096255838,28.7209718778954,125.13526285409,0.545852023890582,0.431282270060776,0.0335084973215011,2038.1710460025,5.468333,100.2002778,395.237277361853,31.23625,NA,NA,NA,NA,NA,592.753091125002,197.515813763149,27.178621481444,0.280689820966707,0.0837733299934053,4.31351453874446,0.00477525783508278,NA,NA,0.251217932044081,NA,NA,1.58287563958566,NA,NA,0.000278109738017939,NA,NA,0.0163473000347425,NA,NA,0.00487893631338388
"17",2017-05-15,"2017 05",-0.0211756509098361,413.673656302907,399.377322064535,100624.71643908,0.342097591651852,0.041568532816092,-216.327586206897,0.147421202899561,28.2400950455668,28.027907876911,199.915116717888,0.382524447519828,0.392555919203812,0.0289574034899768,2349.75423426177,5.468333,100.2002778,396.617120996231,31.48,NA,NA,NA,NA,NA,598.419328,201.802207003769,25.307108145763,0.175470180557571,0.0385814517694762,4.33566501735437,0.00148813145433222,NA,NA,0.257987776568059,NA,NA,1.50586462186527,NA,NA,8.85492130059508e-05,NA,NA,0.0104411114684471,NA,NA,0.00229573616018163
"18",2017-06-15,"2017 06",-0.0176048633576642,422.864221136967,408.87535503128,100670.615635377,0.349937154869091,0.0366239096981132,-89.8207547169811,0.129338767941993,114.916910183116,111.149922969562,110.949701318742,0.374430628650853,0.407673369215872,0.0244990592861127,1843.34049641631,5.468333,100.2002778,406.234726959116,31.308,NA,NA,NA,NA,NA,594.420998800001,188.186271840886,22.1743786166365,0.179516065773401,0.0402044628241249,4.31798343026466,0.0015862697208929,NA,NA,0.239599776009549,NA,NA,1.23042995312545,NA,NA,8.80202242446708e-05,NA,NA,0.0099611334420489,NA,NA,0.00223089792789088
"19",2017-07-15,"2017 07",-0.0291212787647059,410.39545134023,396.840667926437,100699.178455747,0.319034767243011,0.0427778229367816,-267.329415427586,0.14696831564004,21.7409431981902,22.3849817104198,102.624688562035,0.338202494000087,0.41284621869286,0.0318741205416116,2463.52159495833,5.468333,100.2002778,394.389629785563,31.125,NA,NA,NA,NA,NA,590.166962500001,195.777332714439,25.7488670238155,0.160226493069857,0.0332712564223277,4.29877277641676,0.00119679544870442,NA,NA,0.248155779889229,NA,NA,1.48640798430038,NA,NA,6.90875567023298e-05,NA,NA,0.0092494142897707,NA,NA,0.00192065387374566
"20",2017-08-15,"2017 08",-0.0169449679333333,410.502835189928,397.45154002446,100682.6169,0.364512081051055,0.0431027774370861,116.94701986755,0.155003068497245,32.7051774563334,32.4407306954472,142.19745105863,0.397841000917496,0.419603196640226,0.0265977190313236,1192.84314581077,5.468333,100.2002778,394.931765512931,30.28,NA,NA,NA,NA,NA,570.524008000002,175.592242487071,25.249169497696,0.183877360218356,0.0425611001996449,4.21303338838065,0.00174919201720454,NA,NA,0.218131167535969,NA,NA,1.30728392446065,NA,NA,9.05649829431046e-05,NA,NA,0.00952030985049437,NA,NA,0.00220361474081086
"21",2017-09-15,"2017 09",-0.00238272987096774,417.412115971223,404.22024637554,100731.649695918,0.398001311054393,0.0405646154829932,136.170068027211,0.137102225338992,41.4409875170144,41.5572886306877,127.161411454172,0.452809870292786,0.40977813012036,0.025022203963004,1219.19895874945,5.468333,100.2002778,401.85316810164,31.335,NA,NA,NA,NA,NA,595.048643500003,193.195475398363,24.581572870977,0.209612685718322,0.0520407345162861,4.32145804038522,0.0023352890040229,NA,NA,0.246175455046852,NA,NA,1.40030976367891,NA,NA,0.000133031682330069,NA,NA,0.0119407611523866,NA,NA,0.00296454376758849
"22",2017-10-15,"2017 10",-0.0490582137013889,409.898366838537,396.872013166341,100702.698183721,0.469742693961349,0.0369464774744186,-189.493023255814,0.159919236881502,22.8801772021612,22.9512322476047,177.969363312807,0.498232958887327,0.378258659817137,0.021297290538788,2183.33308573586,5.468333,100.2002778,394.4345675742,31.056,NA,NA,NA,NA,NA,588.562981600001,194.128414025801,22.1896883880223,0.255039514250538,0.0720105070483495,4.29408407971744,0.00381389398787222,NA,NA,0.245797322670128,NA,NA,1.27015817469024,NA,NA,0.000218310800106265,NA,NA,0.0145986963958091,NA,NA,0.00412194766288027
"23",2017-11-15,"2017 11",-0.0358818675486381,429.70626577734,416.482013211823,100509.157419809,0.627285190816911,0.0433183239116945,189.439140811456,0.125201211746602,57.6200180660014,57.4783082985666,137.209182473014,0.671886135601903,0.432696931927089,0.0188791318792455,1620.64966830091,5.468333,100.2002778,413.128608225276,30.5116666666667,NA,NA,NA,NA,NA,575.909354500003,162.780746274727,25.5654155065808,0.363044049716099,0.126746653529566,4.2431697533476,0.00896425599392418,NA,NA,0.203662438575005,NA,NA,1.22708144333507,NA,NA,0.000430263774927423,NA,NA,0.0174252836377788,NA,NA,0.00608354933683417
"24",2017-12-15,"2017 12",-0.0953382983402256,407.676046737202,395.18606474213,100677.429777187,0.911689527881195,0.05621769884375,659.3859375,0.131469610047743,21.9604074629743,21.3771033344645,202.316326366806,0.88029743488352,0.470040879647419,0.0242922406622271,1511.79284568113,5.468333,100.2002778,392.660422225501,29.661,1.60333333333333,423.597155954443,30.936733728942,496.40877951,103.748357284499,556.134672100002,163.474249874501,32.2809474019244,0.586071180176151,0.26230936428941,4.1739309892233,0.0269633267880699,0.0380747641113891,0.127686208413654,0.201192651971367,0.29446808315562,0.987517950918326,1.55601264915737,0.000245960536905067,0.000824844726152886,0.00129969164235556,0.00534616456172955,0.0179287120583498,0.0282499196292583,0.00239279642986771,0.00802439912015486,0.0126438881655133
"25",2018-01-15,"2018 01",-0.0496965752617188,417.563277794766,404.878583483196,100596.767932546,0.543060436916723,0.0472786165538058,340.686958164829,0.13689963998546,27.9137322935999,27.2836111495764,201.605311090295,0.592064422015312,0.394783115545192,0.0226438168644584,1633.27673019491,5.468333,100.2002778,401.968683972533,29.2566666666667,1.4,402.599055444442,0.630371471909086,489.231988777777,87.2633048052438,546.735499000001,144.766815027468,26.7958693934833,0.292873414954122,0.0921689760008998,4.11411394423545,0.00564346246962232,0.000764698721244752,0.105858435176433,0.175615495407676,0.00498060270998303,0.689472591579707,1.14381126585216,1.04896184024259e-06,0.000145209421544635,0.000240897425509086,5.44369769378423e-05,0.00753579551564488,0.0125016250293632,1.71316349137783e-05,0.00237155890758457,0.00393433448878971
"26",2018-02-15,"2018 02",-0.131459163017123,403.158693373632,391.944964007711,100821.525298263,0.708487324601949,0.0516039636277916,392.007444168734,0.159334419501086,19.6106646365304,18.6759780030083,192.917005746589,0.650095535873813,0.437553047928783,0.0209673141846827,2280.17676770558,5.468333,100.2002778,389.997425158947,29.7173684210526,2.15285714285714,499.982992177114,109.985567018168,474.954973613093,84.9575484541459,557.445018052633,167.447592893686,29.6856337590565,0.417636639380955,0.158625727452167,4.16643712370272,0.0126712198340006,0.135119499552775,0.104372071186928,0.205712763651747,0.962718951070116,0.743645226830113,1.46569204815026,0.000410933570304736,0.000317422636961384,0.000625626062148413,0.0135441510414316,0.0104620806126555,0.0206203009282264,0.00514430633972552,0.00397368188362395,0.00783195229199919
"27",2018-03-15,"2018 03",-0.0568463850590717,417.408742015101,404.266543425839,100653.265841368,0.589205754996582,0.048081078723127,379.885993485342,0.148507321039345,18.7088912273092,18.2107197247037,160.723018550808,0.623280241565292,0.420380821288262,0.0210255630067693,2095.19375537943,5.468333,100.2002778,401.586458092395,30.9833333333333,1.07571428571429,408.149013526076,6.56255543368047,575.427746199546,173.841288107151,586.873765,185.287306907605,28.8097538633399,0.338711777607565,0.113097739645716,4.29002214511886,0.00751334998351006,0.00830137469155875,0.219902396867272,0.234381160780114,0.0557480948818133,1.47676019223184,1.57399270303577,1.4538650685731e-05,0.000385127072538868,0.000410484522203683,0.000655421646613996,0.0173620389880328,0.0185051864349659,0.000218848920077413,0.00579728103657019,0.00617898430429563
"28",2018-04-15,"2018 04",-0.0273074959941176,418.797736074892,405.143101200866,100573.41976875,0.454414912863766,0.045398725575,-31.64723104125,0.160215250300053,10.5079655730947,9.64604031347581,147.800848708019,0.480736740566753,0.437185256896953,0.0290330711219625,2299.89990049583,5.468333,100.2002778,402.137944075873,30.444,NA,NA,NA,NA,NA,574.3363684,172.198424324127,26.7349285548771,0.241230413089867,0.0664057565310417,4.23118241279982,0.00340228756858993,NA,NA,0.214836673777661,NA,NA,1.35745580408871,NA,NA,0.000172749854097469,NA,NA,0.0122483822501864,NA,NA,0.0033717269691944
"29",2018-05-15,"2018 05",-0.0195505720992908,417.835692393722,403.860037408072,100601.515492241,0.382568944033562,0.0436353983448276,-17.7259825887931,0.140517360520193,22.296135783674,21.9589094348127,174.196785408559,0.428606747883187,0.427383132862113,0.0339690249989447,1788.39831849776,5.468333,100.2002778,400.976381051126,31.2425,0.515,412.819569937498,11.8431888863725,608.4492264375,207.472845386374,592.898379250001,191.921998198875,26.3641839835982,0.199405332991338,0.0479770401865861,4.31167277479919,0.00206945448022978,0.0150567745350276,0.263769486841318,0.243999000853354,0.0920662570594802,1.61284671716946,1.49195796766176,7.22673336934151e-06,0.000126600272052672,0.000117111119479859,0.000696342532643267,0.0121987555883104,0.0112844143226947,0.000167540422169683,0.00293502775631449,0.00271503671100677
"30",2018-06-15,"2018 06",-0.00949673477966102,417.119713714881,403.547126182738,100610.009383626,0.346722765837685,0.0396036790467836,-300.970760233918,0.145605703587529,20.8417261623987,20.264188437704,114.299761710063,0.391037905144253,0.423338482357692,0.0269564794123983,2516.35555429089,5.468333,100.2002778,400.699532711379,31.5266666666667,0.563333333333333,420.071108222221,19.3715755108416,621.263511444444,220.563978733065,599.504146000001,198.804613288622,24.1469084803725,0.178487763818674,0.0396759162080771,4.34055302486057,0.00155103656715572,0.0247929102074201,0.282291077287942,0.254442129569023,0.137925312814234,1.5704120578775,1.41548571830928,8.85940342570798e-06,0.000100872810664361,9.09213745175261e-05,0.00101950859167807,0.0116080837723916,0.010462907944661,0.000226625829084434,0.0025803525644348,0.00232579225613988
"31",2018-07-15,"2018 07",0.000910593607476635,415.5759374575,402.11912141875,100552.260605521,0.338986776114633,0.0456196161656442,-272.512784141104,0.135217525471012,26.0371194848893,26.1258995400573,134.876684336802,0.33389330508117,0.411191353527805,0.0406454399914865,2590.51901025512,5.468333,100.2002778,399.052422317903,30.345,0.58,390.655157749999,-8.39726456790402,563.970328749999,164.917906432097,572.0350045,172.982582182097,26.7795128422998,0.168923863212088,0.036866593974706,4.21930566559724,0.00140905675621554,-0.0104471137399554,0.20517587749191,0.215209214438104,-0.0663067904383506,1.30223086016855,1.36591145050655,-3.48886223585619e-06,6.85194388142308e-05,7.18701183648245e-05,-0.000418260005848508,0.00821440886505613,0.00861610292853177,-9.12826732604093e-05,0.00179274420210264,0.00188041146034911
"32",2018-08-15,"2018 08",-0.0173968366067416,412.471005173913,399.25939017029,100589.088033333,0.348228444234057,0.0489479110851064,-191.390965506383,0.146481952872984,16.6552692776765,16.1145683908625,150.000757233992,0.377573324052895,0.413121868808088,0.0371023113165621,2087.96293651297,5.468333,100.2002778,396.359614566734,30.84,0.34,409.658575999999,13.2989614332654,594.76606,198.406445433266,583.541824000001,187.182209433268,29.1944599500666,0.176485959218591,0.0393692021091598,4.2698519010173,0.00154572976427973,0.0167435689990175,0.249796348807519,0.235664886672653,0.11448159465356,1.70794436668787,1.61132265359428,6.06134207040916e-06,9.04288158725572e-05,8.53130830225608e-05,0.000692062606393966,0.010324842465401,0.00974074617638479,0.000154380284663722,0.00230319064227739,0.00217289469717613
"33",2018-09-15,"2018 09",0.00206220319491525,413.283425279096,400.232509078531,100655.193892778,0.379820016194986,0.0467388976388889,194.290048814444,0.139581967017317,26.4599407702649,26.7789182225668,171.639139597176,0.437476349569236,0.39702712844959,0.0299266625051664,1104.37520831843,5.468333,100.2002778,397.58678315808,30.902,0.39,408.669431239998,11.0826480819174,596.04498824,198.45820508192,584.983082200001,187.39629904192,27.9324907754021,0.196078440564547,0.0469060954679542,4.27662583117461,0.00200872204187242,0.0139753371992888,0.250257909074164,0.23630872781052,0.0912789644950192,1.63454251380359,1.54343438502345,6.56418610909919e-06,0.000117545606736446,0.000110993706014596,0.000640753349153211,0.0114740410985941,0.0108344869694043,0.000153281705424916,0.00274483245391128,0.00259183762717598
"34",2018-10-15,"2018 10",-0.0409938662537313,421.579805586979,407.827294229687,100715.383739904,0.422313074991908,0.0475966242211538,43.9146778995192,0.149040094882485,40.6561308824999,39.9576979151808,188.027423665638,0.482564271789956,0.427713445493274,0.0302951306268503,1950.98291887334,5.468333,100.2002778,405.373623863308,30.6175,0.62,394.9793274375,-10.394296425808,574.8324996875,169.458875824192,578.369566750001,172.995942886693,28.1861729916474,0.221427095892521,0.0575942374224707,4.24822821179612,0.00274237141859698,-0.0130202833144275,0.212270507111679,0.216701169214171,-0.086387062936422,1.40837378224201,1.43777036883348,-8.40502229244056e-06,0.000137027613087678,0.000139887751599445,-0.000678646103334596,0.0110640105921945,0.0112949465479211,-0.000176519068923071,0.0028778016092524,0.002937869146199
"35",2018-11-15,"2018 11",-0.0352509974452055,414.81656764386,401.307431507456,100614.576243568,0.383763483407821,0.0444137247842324,184.336099585062,0.14377567667352,13.594783844485,13.0885954287447,185.161982219631,0.434781244048764,0.430905613016699,0.0198674169271203,1716.53893510548,5.468333,100.2002778,398.493729726302,29.996,0.98,386.316060959999,-12.1776687663032,534.56116896,136.067439233698,563.9221156,165.428385873698,25.7800611444556,0.194256099336835,0.0468543371279535,4.18462040680057,0.00202733799482214,-0.0150258041339372,0.167891139935531,0.204119078292698,-0.0925690054677346,1.0343217382672,1.25751007441055,-7.27960499690271e-06,8.13388202265973e-05,9.88902989189535e-05,-0.000697519444228301,0.00779374824633774,0.00947550126289372,-0.000168240849603935,0.00187984268741599,0.00228547948889955
"36",2018-12-15,"2018 12",-0.028561903028169,414.068226066887,400.47417563245,100684.537066667,0.48980734119407,0.050345584447619,345.880398510159,0.134616549759889,17.5564574902275,17.1102920769229,170.272465573822,0.534355297051629,0.453106512155828,0.0290234543492158,1058.75226758384,5.468333,100.2002778,397.942827344764,30.4657142857143,1.206,402.9175601551,4.97473281033552,546.307662807347,148.364835462582,574.841140857144,176.89831351238,29.668822231208,0.264865606939182,0.0771929592286376,4.23417914823655,0.00426300354883936,0.00621092788735708,0.185232720873616,0.220856618939977,0.0435198674712653,1.29792256647693,1.54753862236671,6.25320911053464e-06,0.000186493702510029,0.000222360112164339,0.000388519504477145,0.0115870810661423,0.013815504817843,0.000113230897039498,0.0033769619493218,0.00402641819921786
"37",2019-01-15,"2019 01",-0.143002587781513,402.046635103909,390.222742059465,100741.099359959,0.872384482558784,0.0581507157825203,898.075203252033,0.158949959604424,13.4893149643789,12.7943825523757,143.454320953105,0.746771983651241,0.446934371204994,0.0183283314608791,1210.27559284083,5.468333,100.2002778,387.974024478938,29.62375,1.16875,389.748343453124,1.77431897418649,512.30516728125,124.331142802312,555.268754875,167.294730396062,33.3507893015211,0.551169706839391,0.239963980795281,4.16712259665306,0.023602972693598,0.00218014546652763,0.152768460052646,0.205558782469855,0.0174483880458012,1.22265390685308,1.64515141664792,1.2348548121875e-05,0.000865294866525333,0.00116430419720843,0.000288359679798809,0.020206112344559,0.027188490677757,0.000125543794963206,0.00879718005984306,0.0118371136401209
"38",2019-02-15,"2019 02",-0.121297892115242,408.557310407965,396.124829639233,100794.254755752,0.697840938871546,0.0513558435958702,554.330372625664,0.141487443998669,12.647148477835,12.3543457532432,181.968980981575,0.626068175925827,0.428049938348846,0.0243055290273375,788.937216366915,5.468333,100.2002778,394.049908647775,30.1135,NA,NA,NA,NA,NA,566.65353235,172.603623702225,29.9227649664208,0.413299649757545,0.155368539361095,4.20582967869805,0.0122245319713999,NA,NA,0.214051900548759,NA,NA,1.52289208076512,NA,NA,0.000622156506967069,NA,NA,0.0210345121617299,NA,NA,0.00790734139905111
"39",2019-03-15,"2019 03",-0.189811826132353,400.416485014356,387.968223712871,100673.283953171,0.66805385622602,0.0436022134487805,339.248780487805,0.184707395324611,14.0213480104547,13.4151146626207,195.268113996067,0.615142261481789,0.408713046904988,0.0173153754177525,1313.64053397829,5.468333,100.2002778,385.472836423915,30.857619047619,1.92142857142857,482.141494287979,96.6686578640645,535.002484594104,149.529648170189,583.951398142859,198.478561718944,26.0207997913578,0.397333568233308,0.144955442820501,4.28026622016436,0.0109183928460891,0.122003971566288,0.1887189844854,0.250496627712854,0.741692398225408,1.1472695060389,1.52283111910646,0.000311215990273771,0.00048139716179791,0.000638983756455329,0.0113255276348692,0.0175186270297157,0.0232533944852937,0.0041317849906009,0.00639115479215823,0.0084833156928647
