DATE,LAT,LON,CHLOR
2016-01-01T02:05:00.000Z,6.02,99.98,-32767
2016-01-01T02:05:00.000Z,6.02,99.98,-30861.92136
2016-01-02T02:30:00.000Z,6.02,99.98,-32767
2016-01-02T02:30:00.000Z,6.02,99.98,-30876.33391
2016-01-03T03:00:00.000Z,6.02,99.98,-32767
2016-01-03T03:00:00.000Z,6.02,99.98,-30890.74646
2016-01-04T02:20:00.000Z,6.02,99.98,2.71
2016-01-04T02:20:00.000Z,6.02,99.98,-30905.15901
2016-01-05T02:55:00.000Z,6.02,99.98,2.82
2016-01-05T02:55:00.000Z,6.02,99.98,-30919.57156
2016-01-06T02:09:59.000Z,6.02,99.98,1.01
2016-01-06T02:09:59.000Z,6.02,99.98,-30933.98411
2016-01-07T02:44:59.000Z,6.02,99.98,0.86
2016-01-07T02:44:59.000Z,6.02,99.98,-30948.39666
2016-01-08T02:04:59.000Z,6.02,99.98,-32767
2016-01-08T02:04:59.000Z,6.02,99.98,-30962.80921
2016-01-09T02:34:59.000Z,6.02,99.98,1.12
2016-01-09T02:34:59.000Z,6.02,99.98,-30977.22176
2016-01-10T02:59:59.000Z,6.02,99.98,-32767
2016-01-10T02:59:59.000Z,6.02,99.98,-30991.63431
2016-01-11T02:24:59.000Z,6.02,99.98,1.2
2016-01-11T02:24:59.000Z,6.02,99.98,-31006.04686
2016-01-12T02:59:59.000Z,6.02,99.98,1.31
2016-01-12T02:59:59.000Z,6.02,99.98,-31020.45942
2016-01-13T02:15:00.000Z,6.02,99.98,1.2
2016-01-13T02:15:00.000Z,6.02,99.98,-31034.87197
2016-01-14T02:49:59.000Z,6.02,99.98,1.06
2016-01-14T02:49:59.000Z,6.02,99.98,-31049.28452
2016-01-15T02:10:00.000Z,6.02,99.98,-32767
2016-01-15T02:10:00.000Z,6.02,99.98,-31063.69707
2016-01-16T02:40:00.000Z,6.02,99.98,-32767
2016-01-16T02:40:00.000Z,6.02,99.98,-31078.10962
2016-01-17T02:05:00.000Z,6.02,99.98,-32767
2016-01-17T02:05:00.000Z,6.02,99.98,-31092.52217
2016-01-18T02:30:00.000Z,6.02,99.98,-32767
2016-01-18T02:30:00.000Z,6.02,99.98,-31106.93472
2016-01-19T03:00:00.000Z,6.02,99.98,-32767
2016-01-19T03:00:00.000Z,6.02,99.98,-31121.34727
2016-01-20T02:19:59.000Z,6.02,99.98,0.69
2016-01-20T02:19:59.000Z,6.02,99.98,-31135.75982
2016-01-21T02:55:00.000Z,6.02,99.98,0.9
2016-01-21T02:55:00.000Z,6.02,99.98,-31150.17237
2016-01-22T02:09:59.000Z,6.02,99.98,0.72
2016-01-22T02:09:59.000Z,6.02,99.98,-31164.58492
2016-01-23T02:44:59.000Z,6.02,99.98,0.73
2016-01-23T02:44:59.000Z,6.02,99.98,-31178.99747
2016-01-24T02:04:59.000Z,6.02,99.98,-32767
2016-01-24T02:04:59.000Z,6.02,99.98,-31193.41002
2016-01-25T02:34:59.000Z,6.02,99.98,-32767
2016-01-25T02:34:59.000Z,6.02,99.98,-31207.82257
2016-01-26T02:59:59.000Z,6.02,99.98,-32767
2016-01-26T02:59:59.000Z,6.02,99.98,-31222.23512
2016-01-27T02:24:59.000Z,6.02,99.98,-32767
2016-01-27T02:24:59.000Z,6.02,99.98,-31236.64768
2016-01-28T02:59:59.000Z,6.02,99.98,-32767
2016-01-28T02:59:59.000Z,6.02,99.98,-31251.06023
2016-01-29T02:15:00.000Z,6.02,99.98,-32767
2016-01-29T02:15:00.000Z,6.02,99.98,-31265.47278
2016-01-30T02:49:59.000Z,6.02,99.98,-32767
2016-01-30T02:49:59.000Z,6.02,99.98,-31279.88533
2016-01-31T02:10:00.000Z,6.02,99.98,-32767
2016-01-31T02:10:00.000Z,6.02,99.98,-31294.29788
2016-02-01T02:40:00.000Z,6.02,99.98,1.82
2016-02-01T02:40:00.000Z,6.02,99.98,-31308.71043
2016-02-02T02:10:00.000Z,6.02,99.98,-32767
2016-02-02T02:10:00.000Z,6.02,99.98,-31323.12298
2016-02-03T02:29:59.000Z,6.02,99.98,-32767
2016-02-03T02:29:59.000Z,6.02,99.98,-31337.53553
2016-02-04T02:59:58.000Z,6.02,99.98,-32767
2016-02-04T02:59:58.000Z,6.02,99.98,-31351.94808
2016-02-05T02:19:59.000Z,6.02,99.98,-32767
2016-02-05T02:19:59.000Z,6.02,99.98,-31366.36063
2016-02-06T02:54:59.000Z,6.02,99.98,-32767
2016-02-06T02:54:59.000Z,6.02,99.98,-31380.77318
2016-02-07T02:09:59.000Z,6.02,99.98,-32767
2016-02-07T02:09:59.000Z,6.02,99.98,-31395.18573
2016-02-08T02:44:59.000Z,6.02,99.98,-32767
2016-02-08T02:44:59.000Z,6.02,99.98,-31409.59828
2016-02-09T02:14:59.000Z,6.02,99.98,-32767
2016-02-09T02:14:59.000Z,6.02,99.98,-31424.01083
2016-02-10T02:34:59.000Z,6.02,99.98,-32767
2016-02-10T02:34:59.000Z,6.02,99.98,-31438.42339
2016-02-11T02:59:59.000Z,6.02,99.98,-32767
2016-02-11T02:59:59.000Z,6.02,99.98,-31452.83594
2016-02-12T02:25:00.000Z,6.02,99.98,-32767
2016-02-12T02:25:00.000Z,6.02,99.98,-31467.24849
2016-02-13T02:59:59.000Z,6.02,99.98,-32767
2016-02-13T02:59:59.000Z,6.02,99.98,-31481.66104
2016-02-14T02:14:58.000Z,6.02,99.98,-32767
2016-02-14T02:14:58.000Z,6.02,99.98,-31496.07359
2016-02-15T02:50:00.000Z,6.02,99.98,1.32
2016-02-15T02:50:00.000Z,6.02,99.98,-31510.48614
2016-02-16T02:09:59.000Z,6.02,99.98,-32767
2016-02-16T02:09:59.000Z,6.02,99.98,-31524.89869
2016-02-17T02:39:58.000Z,6.02,99.98,1.32
2016-02-17T02:39:58.000Z,6.02,99.98,-31539.31124
2016-02-18T02:09:59.000Z,6.02,99.98,-32767
2016-02-18T02:09:59.000Z,6.02,99.98,-31553.72379
2016-02-19T02:29:59.000Z,6.02,99.98,-32767
2016-02-19T02:29:59.000Z,6.02,99.98,-31568.13634
2016-02-20T02:59:59.000Z,6.02,99.98,-32767
2016-02-20T02:59:59.000Z,6.02,99.98,-31582.54889
2016-02-21T02:19:59.000Z,6.02,99.98,-32767
2016-02-21T02:19:59.000Z,6.02,99.98,-31596.96144
2016-02-22T02:54:59.000Z,6.02,99.98,1.08
2016-02-22T02:54:59.000Z,6.02,99.98,-31611.37399
2016-02-23T02:09:59.000Z,6.02,99.98,0.86
2016-02-23T02:09:59.000Z,6.02,99.98,-31625.78654
2016-02-24T02:44:59.000Z,6.02,99.98,-32767
2016-02-24T02:44:59.000Z,6.02,99.98,-31640.19909
2016-02-25T02:14:59.000Z,6.02,99.98,-32767
2016-02-25T02:14:59.000Z,6.02,99.98,-31654.61165
2016-02-26T02:34:59.000Z,6.02,99.98,-32767
2016-02-26T02:34:59.000Z,6.02,99.98,-31669.0242
2016-02-27T02:59:59.000Z,6.02,99.98,-32767
2016-02-27T02:59:59.000Z,6.02,99.98,-31683.43675
2016-02-28T02:25:00.000Z,6.02,99.98,-32767
2016-02-28T02:25:00.000Z,6.02,99.98,-31697.8493
2016-02-29T02:59:59.000Z,6.02,99.98,-32767
2016-02-29T02:59:59.000Z,6.02,99.98,-31712.26185
2016-03-01T02:34:59.000Z,6.02,99.98,1.16
2016-03-01T02:34:59.000Z,6.02,99.98,-31726.6744
2016-03-02T02:50:00.000Z,6.02,99.98,1.33
2016-03-02T02:50:00.000Z,6.02,99.98,-31741.08695
2016-03-03T02:25:00.000Z,6.02,99.98,-32767
2016-03-03T02:25:00.000Z,6.02,99.98,-31755.4995
2016-03-04T02:39:59.000Z,6.02,99.98,0.96
2016-03-04T02:39:59.000Z,6.02,99.98,-31769.91205
2016-03-05T02:09:59.000Z,6.02,99.98,-32767
2016-03-05T02:09:59.000Z,6.02,99.98,-31784.3246
2016-03-06T02:55:00.000Z,6.02,99.98,-32767
2016-03-06T02:55:00.000Z,6.02,99.98,-31798.73715
2016-03-07T02:59:59.000Z,6.02,99.98,-32767
2016-03-07T02:59:59.000Z,6.02,99.98,-31813.1497
2016-03-08T02:45:00.000Z,6.02,99.98,0.6
2016-03-08T02:45:00.000Z,6.02,99.98,-31827.56225
2016-03-09T02:54:59.000Z,6.02,99.98,0.91
2016-03-09T02:54:59.000Z,6.02,99.98,-31841.9748
2016-03-10T02:29:59.000Z,6.02,99.98,0.56
2016-03-10T02:29:59.000Z,6.02,99.98,-31856.38735
2016-03-11T02:44:59.000Z,6.02,99.98,0.75
2016-03-11T02:44:59.000Z,6.02,99.98,-31870.79991
2016-03-12T02:19:59.000Z,6.02,99.98,-32767
2016-03-12T02:19:59.000Z,6.02,99.98,-31885.21246
2016-03-13T02:59:59.000Z,6.02,99.98,-32767
2016-03-13T02:59:59.000Z,6.02,99.98,-31899.62501
2016-03-14T02:59:59.000Z,6.02,99.98,-32767
2016-03-14T02:59:59.000Z,6.02,99.98,-31914.03756
2016-03-15T02:49:59.000Z,6.02,99.98,-32767
2016-03-15T02:49:59.000Z,6.02,99.98,-31928.45011
2016-03-16T02:59:59.000Z,6.02,99.98,0.96
2016-03-16T02:59:59.000Z,6.02,99.98,-31942.86266
2016-03-17T02:39:59.000Z,6.02,99.98,0.88
2016-03-17T02:39:59.000Z,6.02,99.98,-31957.27521
2016-03-18T02:50:00.000Z,6.02,99.98,0.75
2016-03-18T02:50:00.000Z,6.02,99.98,-31971.68776
2016-03-19T02:25:00.000Z,6.02,99.98,-32767
2016-03-19T02:25:00.000Z,6.02,99.98,-31986.10031
2016-03-20T02:39:59.000Z,6.02,99.98,0.68
2016-03-20T02:39:59.000Z,6.02,99.98,-32000.51286
2016-03-21T02:14:59.000Z,6.02,99.98,-32767
2016-03-21T02:14:59.000Z,6.02,99.98,-32014.92541
2016-03-22T02:59:59.000Z,6.02,99.98,-32767
2016-03-22T02:59:59.000Z,6.02,99.98,-32029.33796
2016-03-23T02:59:59.000Z,6.02,99.98,-32767
2016-03-23T02:59:59.000Z,6.02,99.98,-32043.75051
2016-03-24T02:45:00.000Z,6.02,99.98,-32767
2016-03-24T02:45:00.000Z,6.02,99.98,-32058.16306
2016-03-25T02:54:59.000Z,6.02,99.98,1.04
2016-03-25T02:54:59.000Z,6.02,99.98,-32072.57561
2016-03-26T02:34:59.000Z,6.02,99.98,-32767
2016-03-26T02:34:59.000Z,6.02,99.98,-32086.98817
2016-03-27T02:44:59.000Z,6.02,99.98,-32767
2016-03-27T02:44:59.000Z,6.02,99.98,-32101.40072
2016-03-28T02:19:59.000Z,6.02,99.98,-32767
2016-03-28T02:19:59.000Z,6.02,99.98,-32115.81327
2016-03-29T02:59:59.000Z,6.02,99.98,-32767
2016-03-29T02:59:59.000Z,6.02,99.98,-32130.22582
2016-03-30T02:59:59.000Z,6.02,99.98,-32767
2016-03-30T02:59:59.000Z,6.02,99.98,-32144.63837
2016-03-31T02:49:59.000Z,6.02,99.98,-32767
2016-03-31T02:49:59.000Z,6.02,99.98,-32159.05092
2016-04-01T02:59:59.000Z,6.02,99.98,-32767
2016-04-01T02:59:59.000Z,6.02,99.98,-32173.46347
2016-04-02T02:39:59.000Z,6.02,99.98,-32767
2016-04-02T02:39:59.000Z,6.02,99.98,-32187.87602
2016-04-03T02:50:00.000Z,6.02,99.98,-32767
2016-04-03T02:50:00.000Z,6.02,99.98,-32202.28857
2016-04-04T02:25:00.000Z,6.02,99.98,-32767
2016-04-04T02:25:00.000Z,6.02,99.98,-32216.70112
2016-04-05T02:40:00.000Z,6.02,99.98,0.7
2016-04-05T02:40:00.000Z,6.02,99.98,-32231.11367
2016-04-06T02:15:00.000Z,6.02,99.98,-32767
2016-04-06T02:15:00.000Z,6.02,99.98,-32245.52622
2016-04-07T02:59:59.000Z,6.02,99.98,-32767
2016-04-07T02:59:59.000Z,6.02,99.98,-32259.93877
2016-04-08T02:59:59.000Z,6.02,99.98,-32767
2016-04-08T02:59:59.000Z,6.02,99.98,-32274.35132
2016-04-09T02:45:00.000Z,6.02,99.98,-32767
2016-04-09T02:45:00.000Z,6.02,99.98,-32288.76388
2016-04-10T02:54:59.000Z,6.02,99.98,-32767
2016-04-10T02:54:59.000Z,6.02,99.98,-32303.17643
2016-04-11T02:34:59.000Z,6.02,99.98,-32767
2016-04-11T02:34:59.000Z,6.02,99.98,-32317.58898
2016-04-12T02:44:59.000Z,6.02,99.98,-32767
2016-04-12T02:44:59.000Z,6.02,99.98,-32332.00153
2016-04-13T02:19:59.000Z,6.02,99.98,-32767
2016-04-13T02:19:59.000Z,6.02,99.98,-32346.41408
2016-04-14T02:34:59.000Z,6.02,99.98,-32767
2016-04-14T02:34:59.000Z,6.02,99.98,-32360.82663
2016-04-15T02:59:59.000Z,6.02,99.98,-32767
2016-04-15T02:59:59.000Z,6.02,99.98,-32375.23918
2016-04-16T02:49:59.000Z,6.02,99.98,-32767
2016-04-16T02:49:59.000Z,6.02,99.98,-32389.65173
2016-04-17T02:59:59.000Z,6.02,99.98,0.57
2016-04-17T02:59:59.000Z,6.02,99.98,-32404.06428
2016-04-18T02:39:59.000Z,6.02,99.98,-32767
2016-04-18T02:39:59.000Z,6.02,99.98,-32418.47683
2016-04-19T02:50:00.000Z,6.02,99.98,-32767
2016-04-19T02:50:00.000Z,6.02,99.98,-32432.88938
2016-04-20T02:25:00.000Z,6.02,99.98,-32767
2016-04-20T02:25:00.000Z,6.02,99.98,-32447.30193
2016-04-21T02:40:00.000Z,6.02,99.98,0.57
2016-04-21T02:40:00.000Z,6.02,99.98,-32461.71448
2016-04-22T02:15:00.000Z,6.02,99.98,-32767
2016-04-22T02:15:00.000Z,6.02,99.98,-32476.12703
2016-04-23T02:59:59.000Z,6.02,99.98,-32767
2016-04-23T02:59:59.000Z,6.02,99.98,-32490.53958
2016-04-24T02:59:59.000Z,6.02,99.98,-32767
2016-04-24T02:59:59.000Z,6.02,99.98,-32504.95214
2016-04-25T02:45:00.000Z,6.02,99.98,-32767
2016-04-25T02:45:00.000Z,6.02,99.98,-32519.36469
2016-04-26T02:54:59.000Z,6.02,99.98,-32767
2016-04-26T02:54:59.000Z,6.02,99.98,-32533.77724
2016-04-27T02:34:59.000Z,6.02,99.98,-32767
2016-04-27T02:34:59.000Z,6.02,99.98,-32548.18979
2016-04-28T02:44:59.000Z,6.02,99.98,0.54
2016-04-28T02:44:59.000Z,6.02,99.98,-32562.60234
2016-04-29T02:19:59.000Z,6.02,99.98,-32767
2016-04-29T02:19:59.000Z,6.02,99.98,-32577.01489
2016-04-30T02:59:59.000Z,6.02,99.98,-32767
2016-04-30T02:59:59.000Z,6.02,99.98,-32591.42744
2016-05-01T02:09:59.000Z,6.02,99.98,-32767
2016-05-01T02:09:59.000Z,6.02,99.98,-32605.83999
2016-05-02T02:49:59.000Z,6.02,99.98,-32767
2016-05-02T02:49:59.000Z,6.02,99.98,-32620.25254
2016-05-03T02:59:59.000Z,6.02,99.98,-32767
2016-05-03T02:59:59.000Z,6.02,99.98,-32634.66509
2016-05-04T02:39:59.000Z,6.02,99.98,-32767
2016-05-04T02:39:59.000Z,6.02,99.98,-32649.07764
2016-05-05T02:50:00.000Z,6.02,99.98,-32767
2016-05-05T02:50:00.000Z,6.02,99.98,-32663.49019
2016-05-06T02:25:00.000Z,6.02,99.98,-32767
2016-05-06T02:25:00.000Z,6.02,99.98,-32677.90274
2016-05-07T02:40:00.000Z,6.02,99.98,-32767
2016-05-07T02:40:00.000Z,6.02,99.98,-32692.31529
2016-05-08T02:15:00.000Z,6.02,99.98,-32767
2016-05-08T02:15:00.000Z,6.02,99.98,-32706.72784
2016-05-09T02:59:59.000Z,6.02,99.98,-32767
2016-05-09T02:59:59.000Z,6.02,99.98,-32721.1404
2016-05-10T02:59:59.000Z,6.02,99.98,-32767
2016-05-10T02:59:59.000Z,6.02,99.98,-32735.55295
2016-05-11T02:45:00.000Z,6.02,99.98,0.29
2016-05-11T02:45:00.000Z,6.02,99.98,-32749.9655
2016-05-12T02:54:59.000Z,6.02,99.98,-32767
2016-05-12T02:54:59.000Z,6.02,99.98,-32764.37805
2016-05-13T02:34:59.000Z,6.02,99.98,-32767
2016-05-13T02:34:59.000Z,6.02,99.98,-32778.7906
2016-05-14T02:44:59.000Z,6.02,99.98,-32767
2016-05-14T02:44:59.000Z,6.02,99.98,-32793.20315
2016-05-15T02:19:59.000Z,6.02,99.98,-32767
2016-05-15T02:19:59.000Z,6.02,99.98,-32807.6157
2016-05-16T02:59:59.000Z,6.02,99.98,-32767
2016-05-16T02:59:59.000Z,6.02,99.98,-32822.02825
2016-05-17T02:09:59.000Z,6.02,99.98,-32767
2016-05-17T02:09:59.000Z,6.02,99.98,-32836.4408
2016-05-18T02:49:59.000Z,6.02,99.98,-32767
2016-05-18T02:49:59.000Z,6.02,99.98,-32850.85335
2016-05-19T02:59:59.000Z,6.02,99.98,0.42
2016-05-19T02:59:59.000Z,6.02,99.98,-32865.2659
2016-05-20T02:39:59.000Z,6.02,99.98,-32767
2016-05-20T02:39:59.000Z,6.02,99.98,-32879.67845
2016-05-21T02:50:00.000Z,6.02,99.98,-32767
2016-05-21T02:50:00.000Z,6.02,99.98,-32894.091
2016-05-22T02:25:00.000Z,6.02,99.98,-32767
2016-05-22T02:25:00.000Z,6.02,99.98,-32908.50355
2016-05-23T02:40:00.000Z,6.02,99.98,-32767
2016-05-23T02:40:00.000Z,6.02,99.98,-32922.9161
2016-05-24T02:15:00.000Z,6.02,99.98,-32767
2016-05-24T02:15:00.000Z,6.02,99.98,-32937.32866
2016-05-25T02:54:59.000Z,6.02,99.98,-32767
2016-05-25T02:54:59.000Z,6.02,99.98,-32951.74121
2016-05-26T02:59:59.000Z,6.02,99.98,-32767
2016-05-26T02:59:59.000Z,6.02,99.98,-32966.15376
2016-05-27T02:45:00.000Z,6.02,99.98,-32767
2016-05-27T02:45:00.000Z,6.02,99.98,-32980.56631
2016-05-28T02:54:59.000Z,6.02,99.98,-32767
2016-05-28T02:54:59.000Z,6.02,99.98,-32994.97886
2016-05-29T02:29:59.000Z,6.02,99.98,-32767
2016-05-29T02:29:59.000Z,6.02,99.98,-33009.39141
2016-05-30T02:44:59.000Z,6.02,99.98,-32767
2016-05-30T02:44:59.000Z,6.02,99.98,-33023.80396
2016-05-31T02:19:59.000Z,6.02,99.98,-32767
2016-05-31T02:19:59.000Z,6.02,99.98,-33038.21651
2016-06-01T02:59:59.000Z,6.02,99.98,0.57
2016-06-01T02:59:59.000Z,6.02,99.98,-33052.62906
2016-06-02T02:09:59.000Z,6.02,99.98,-32767
2016-06-02T02:09:59.000Z,6.02,99.98,-33067.04161
2016-06-03T02:49:59.000Z,6.02,99.98,-32767
2016-06-03T02:49:59.000Z,6.02,99.98,-33081.45416
2016-06-04T02:59:59.000Z,6.02,99.98,-32767
2016-06-04T02:59:59.000Z,6.02,99.98,-33095.86671
2016-06-05T02:39:59.000Z,6.02,99.98,0.39
2016-06-05T02:39:59.000Z,6.02,99.98,-33110.27926
2016-06-06T02:50:00.000Z,6.02,99.98,0.38
2016-06-06T02:50:00.000Z,6.02,99.98,-33124.69181
2016-06-07T02:25:00.000Z,6.02,99.98,-32767
2016-06-07T02:25:00.000Z,6.02,99.98,-33139.10437
2016-06-08T02:40:00.000Z,6.02,99.98,-32767
2016-06-08T02:40:00.000Z,6.02,99.98,-33153.51692
2016-06-09T02:15:00.000Z,6.02,99.98,-32767
2016-06-09T02:15:00.000Z,6.02,99.98,-33167.92947
2016-06-10T02:54:59.000Z,6.02,99.98,-32767
2016-06-10T02:54:59.000Z,6.02,99.98,-33182.34202
2016-06-11T02:59:59.000Z,6.02,99.98,-32767
2016-06-11T02:59:59.000Z,6.02,99.98,-33196.75457
2016-06-12T02:45:00.000Z,6.02,99.98,-32767
2016-06-12T02:45:00.000Z,6.02,99.98,-33211.16712
2016-06-13T02:54:59.000Z,6.02,99.98,-32767
2016-06-13T02:54:59.000Z,6.02,99.98,-33225.57967
2016-06-14T02:29:59.000Z,6.02,99.98,-32767
2016-06-14T02:29:59.000Z,6.02,99.98,-33239.99222
2016-06-15T02:44:59.000Z,6.02,99.98,-32767
2016-06-15T02:44:59.000Z,6.02,99.98,-33254.40477
2016-06-16T02:19:59.000Z,6.02,99.98,-32767
2016-06-16T02:19:59.000Z,6.02,99.98,-33268.81732
2016-06-17T02:59:59.000Z,6.02,99.98,-32767
2016-06-17T02:59:59.000Z,6.02,99.98,-33283.22987
2016-06-18T02:09:59.000Z,6.02,99.98,-32767
2016-06-18T02:09:59.000Z,6.02,99.98,-33297.64242
2016-06-19T02:49:59.000Z,6.02,99.98,-32767
2016-06-19T02:49:59.000Z,6.02,99.98,-33312.05497
2016-06-20T02:59:59.000Z,6.02,99.98,-32767
2016-06-20T02:59:59.000Z,6.02,99.98,-33326.46752
2016-06-21T02:39:59.000Z,6.02,99.98,-32767
2016-06-21T02:39:59.000Z,6.02,99.98,-33340.88007
2016-06-22T02:50:00.000Z,6.02,99.98,-32767
2016-06-22T02:50:00.000Z,6.02,99.98,-33355.29263
2016-06-23T02:25:00.000Z,6.02,99.98,-32767
2016-06-23T02:25:00.000Z,6.02,99.98,-33369.70518
2016-06-24T02:40:00.000Z,6.02,99.98,0.42
2016-06-24T02:40:00.000Z,6.02,99.98,-33384.11773
2016-06-25T02:15:00.000Z,6.02,99.98,-32767
2016-06-25T02:15:00.000Z,6.02,99.98,-33398.53028
2016-06-26T02:54:59.000Z,6.02,99.98,-32767
2016-06-26T02:54:59.000Z,6.02,99.98,-33427.35538
2016-06-26T02:55:08.000Z,6.02,99.98,-32767
2016-06-26T02:55:08.000Z,6.02,99.98,-33412.94283
2016-06-27T02:59:58.000Z,6.02,99.98,-32767
2016-06-27T02:59:58.000Z,6.02,99.98,-33456.18048
2016-06-27T03:00:07.000Z,6.02,99.98,-32767
2016-06-27T03:00:07.000Z,6.02,99.98,-33441.76793
2016-06-28T02:45:00.000Z,6.02,99.98,-32767
2016-06-28T02:45:00.000Z,6.02,99.98,-33485.00558
2016-06-28T02:45:09.000Z,6.02,99.98,-32767
2016-06-28T02:45:09.000Z,6.02,99.98,-33470.59303
2016-06-29T02:54:59.000Z,6.02,99.98,-32767
2016-06-29T02:54:59.000Z,6.02,99.98,-33513.83068
2016-06-29T02:55:08.000Z,6.02,99.98,-32767
2016-06-29T02:55:08.000Z,6.02,99.98,-33499.41813
2016-06-30T02:29:59.000Z,6.02,99.98,-32767
2016-06-30T02:29:59.000Z,6.02,99.98,-33542.65578
2016-06-30T02:30:08.000Z,6.02,99.98,-32767
2016-06-30T02:30:08.000Z,6.02,99.98,-33528.24323
2016-07-01T02:44:59.000Z,6.02,99.98,-32767
2016-07-01T02:44:59.000Z,6.02,99.98,-33571.48089
2016-07-01T02:45:08.000Z,6.02,99.98,-32767
2016-07-01T02:45:08.000Z,6.02,99.98,-33557.06833
2016-07-02T02:19:59.000Z,6.02,99.98,-32767
2016-07-02T02:19:59.000Z,6.02,99.98,-33600.30599
2016-07-02T02:20:08.000Z,6.02,99.98,-32767
2016-07-02T02:20:08.000Z,6.02,99.98,-33585.89344
2016-07-03T02:59:58.000Z,6.02,99.98,-32767
2016-07-03T02:59:58.000Z,6.02,99.98,-33629.13109
2016-07-03T03:00:07.000Z,6.02,99.98,-32767
2016-07-03T03:00:07.000Z,6.02,99.98,-33614.71854
2016-07-04T02:04:59.000Z,6.02,99.98,-32767
2016-07-04T02:04:59.000Z,6.02,99.98,-33643.54364
2016-07-05T02:49:59.000Z,6.02,99.98,-32767
2016-07-05T02:49:59.000Z,6.02,99.98,-33657.95619
2016-07-06T02:59:59.000Z,6.02,99.98,-32767
2016-07-06T02:59:59.000Z,6.02,99.98,-33672.36874
2016-07-07T02:39:59.000Z,6.02,99.98,-32767
2016-07-07T02:39:59.000Z,6.02,99.98,-33686.78129
2016-07-08T02:49:59.000Z,6.02,99.98,-32767
2016-07-08T02:49:59.000Z,6.02,99.98,-33701.19384
2016-07-09T02:24:59.000Z,6.02,99.98,-32767
2016-07-09T02:24:59.000Z,6.02,99.98,-33715.60639
2016-07-10T02:40:00.000Z,6.02,99.98,-32767
2016-07-10T02:40:00.000Z,6.02,99.98,-33730.01894
2016-07-11T02:15:00.000Z,6.02,99.98,-32767
2016-07-11T02:15:00.000Z,6.02,99.98,-33744.43149
2016-07-12T02:54:59.000Z,6.02,99.98,-32767
2016-07-12T02:54:59.000Z,6.02,99.98,-33758.84404
2016-07-13T03:00:00.000Z,6.02,99.98,-32767
2016-07-13T03:00:00.000Z,6.02,99.98,-33773.25659
2016-07-14T02:45:00.000Z,6.02,99.98,-32767
2016-07-14T02:45:00.000Z,6.02,99.98,-33787.66915
2016-07-15T02:54:59.000Z,6.02,99.98,-32767
2016-07-15T02:54:59.000Z,6.02,99.98,-33802.0817
2016-07-16T02:29:59.000Z,6.02,99.98,0.58
2016-07-16T02:29:59.000Z,6.02,99.98,-33816.49425
2016-07-17T02:44:59.000Z,6.02,99.98,0.57
2016-07-17T02:44:59.000Z,6.02,99.98,-33830.9068
2016-07-18T02:19:59.000Z,6.02,99.98,-32767
2016-07-18T02:19:59.000Z,6.02,99.98,-33845.31935
2016-07-19T03:00:00.000Z,6.02,99.98,-32767
2016-07-19T03:00:00.000Z,6.02,99.98,-33859.7319
2016-07-20T02:04:59.000Z,6.02,99.98,-32767
2016-07-20T02:04:59.000Z,6.02,99.98,-33874.14445
2016-07-21T02:49:59.000Z,6.02,99.98,-32767
2016-07-21T02:49:59.000Z,6.02,99.98,-33888.557
2016-07-22T02:59:59.000Z,6.02,99.98,-32767
2016-07-22T02:59:59.000Z,6.02,99.98,-33902.96955
2016-07-23T02:39:59.000Z,6.02,99.98,-32767
2016-07-23T02:39:59.000Z,6.02,99.98,-33917.3821
2016-07-24T02:49:59.000Z,6.02,99.98,0.6
2016-07-24T02:49:59.000Z,6.02,99.98,-33931.79465
2016-07-25T02:24:59.000Z,6.02,99.98,-32767
2016-07-25T02:24:59.000Z,6.02,99.98,-33946.2072
2016-07-26T02:40:00.000Z,6.02,99.98,0.35
2016-07-26T02:40:00.000Z,6.02,99.98,-33960.61975
2016-07-27T02:15:00.000Z,6.02,99.98,-32767
2016-07-27T02:15:00.000Z,6.02,99.98,-33975.0323
2016-07-28T02:54:59.000Z,6.02,99.98,-32767
2016-07-28T02:54:59.000Z,6.02,99.98,-33989.44486
2016-07-29T03:00:00.000Z,6.02,99.98,-32767
2016-07-29T03:00:00.000Z,6.02,99.98,-34003.85741
2016-07-30T02:44:59.000Z,6.02,99.98,-32767
2016-07-30T02:44:59.000Z,6.02,99.98,-34018.26996
2016-07-31T02:54:58.000Z,6.02,99.98,0.45
2016-07-31T02:54:58.000Z,6.02,99.98,-34032.68251
2016-08-01T02:29:58.000Z,6.02,99.98,-32767
2016-08-01T02:29:58.000Z,6.02,99.98,-34047.09506
2016-08-02T02:44:59.000Z,6.02,99.98,0.48
2016-08-02T02:44:59.000Z,6.02,99.98,-34061.50761
2016-08-03T02:19:59.000Z,6.02,99.98,-32767
2016-08-03T02:19:59.000Z,6.02,99.98,-34075.92016
2016-08-04T03:00:00.000Z,6.02,99.98,-32767
2016-08-04T03:00:00.000Z,6.02,99.98,-34090.33271
2016-08-05T02:04:59.000Z,6.02,99.98,-32767
2016-08-05T02:04:59.000Z,6.02,99.98,-34104.74526
2016-08-06T02:49:59.000Z,6.02,99.98,-32767
2016-08-06T02:49:59.000Z,6.02,99.98,-34119.15781
2016-08-07T02:59:59.000Z,6.02,99.98,-32767
2016-08-07T02:59:59.000Z,6.02,99.98,-34133.57036
2016-08-08T02:39:59.000Z,6.02,99.98,-32767
2016-08-08T02:39:59.000Z,6.02,99.98,-34147.98291
2016-08-09T02:49:59.000Z,6.02,99.98,-32767
2016-08-09T02:49:59.000Z,6.02,99.98,-34162.39546
2016-08-10T02:24:59.000Z,6.02,99.98,-32767
2016-08-10T02:24:59.000Z,6.02,99.98,-34176.80801
2016-08-11T02:40:00.000Z,6.02,99.98,-32767
2016-08-11T02:40:00.000Z,6.02,99.98,-34191.22056
2016-08-12T02:15:00.000Z,6.02,99.98,-32767
2016-08-12T02:15:00.000Z,6.02,99.98,-34205.63312
2016-08-13T02:54:59.000Z,6.02,99.98,-32767
2016-08-13T02:54:59.000Z,6.02,99.98,-34220.04567
2016-08-14T03:00:00.000Z,6.02,99.98,-32767
2016-08-14T03:00:00.000Z,6.02,99.98,-34234.45822
2016-08-15T02:44:59.000Z,6.02,99.98,-32767
2016-08-15T02:44:59.000Z,6.02,99.98,-34248.87077
2016-08-16T02:55:00.000Z,6.02,99.98,-32767
2016-08-16T02:55:00.000Z,6.02,99.98,-34263.28332
2016-08-17T02:30:00.000Z,6.02,99.98,-32767
2016-08-17T02:30:00.000Z,6.02,99.98,-34277.69587
2016-08-18T02:44:59.000Z,6.02,99.98,-32767
2016-08-18T02:44:59.000Z,6.02,99.98,-34292.10842
2016-08-19T02:19:59.000Z,6.02,99.98,-32767
2016-08-19T02:19:59.000Z,6.02,99.98,-34306.52097
2016-08-20T03:00:00.000Z,6.02,99.98,-32767
2016-08-20T03:00:00.000Z,6.02,99.98,-34320.93352
2016-08-21T02:59:59.000Z,6.02,99.98,-32767
2016-08-21T02:59:59.000Z,6.02,99.98,-34335.34607
2016-08-22T02:50:00.000Z,6.02,99.98,-32767
2016-08-22T02:50:00.000Z,6.02,99.98,-34349.75862
2016-08-23T02:59:59.000Z,6.02,99.98,-32767
2016-08-23T02:59:59.000Z,6.02,99.98,-34364.17117
2016-08-24T02:39:59.000Z,6.02,99.98,-32767
2016-08-24T02:39:59.000Z,6.02,99.98,-34378.58372
2016-08-25T02:49:59.000Z,6.02,99.98,-32767
2016-08-25T02:49:59.000Z,6.02,99.98,-34392.99627
2016-08-26T02:24:59.000Z,6.02,99.98,-32767
2016-08-26T02:24:59.000Z,6.02,99.98,-34407.40882
2016-08-27T02:39:59.000Z,6.02,99.98,-32767
2016-08-27T02:39:59.000Z,6.02,99.98,-34421.82138
2016-08-28T02:14:59.000Z,6.02,99.98,-32767
2016-08-28T02:14:59.000Z,6.02,99.98,-34436.23393
2016-08-29T02:54:59.000Z,6.02,99.98,-32767
2016-08-29T02:54:59.000Z,6.02,99.98,-34450.64648
2016-08-30T03:00:00.000Z,6.02,99.98,-32767
2016-08-30T03:00:00.000Z,6.02,99.98,-34465.05903
2016-08-31T02:44:59.000Z,6.02,99.98,-32767
2016-08-31T02:44:59.000Z,6.02,99.98,-34479.47158
2016-09-01T02:55:00.000Z,6.02,99.98,-32767
2016-09-01T02:55:00.000Z,6.02,99.98,-34493.88413
2016-09-02T02:30:00.000Z,6.02,99.98,-32767
2016-09-02T02:30:00.000Z,6.02,99.98,-34508.29668
2016-09-03T02:44:59.000Z,6.02,99.98,-32767
2016-09-03T02:44:59.000Z,6.02,99.98,-34522.70923
2016-09-04T02:20:00.000Z,6.02,99.98,-32767
2016-09-04T02:20:00.000Z,6.02,99.98,-34537.12178
2016-09-05T03:00:00.000Z,6.02,99.98,-32767
2016-09-05T03:00:00.000Z,6.02,99.98,-34551.53433
2016-09-06T02:59:59.000Z,6.02,99.98,-32767
2016-09-06T02:59:59.000Z,6.02,99.98,-34565.94688
2016-09-07T02:50:00.000Z,6.02,99.98,-32767
2016-09-07T02:50:00.000Z,6.02,99.98,-34580.35943
2016-09-08T02:59:59.000Z,6.02,99.98,-32767
2016-09-08T02:59:59.000Z,6.02,99.98,-34594.77198
2016-09-09T02:39:59.000Z,6.02,99.98,0.64
2016-09-09T02:39:59.000Z,6.02,99.98,-34609.18453
2016-09-10T02:49:59.000Z,6.02,99.98,-32767
2016-09-10T02:49:59.000Z,6.02,99.98,-34623.59708
2016-09-11T02:24:59.000Z,6.02,99.98,-32767
2016-09-11T02:24:59.000Z,6.02,99.98,-34638.00964
2016-09-12T02:39:59.000Z,6.02,99.98,-32767
2016-09-12T02:39:59.000Z,6.02,99.98,-34652.42219
2016-09-13T02:14:59.000Z,6.02,99.98,-32767
2016-09-13T02:14:59.000Z,6.02,99.98,-34666.83474
2016-09-14T02:54:59.000Z,6.02,99.98,-32767
2016-09-14T02:54:59.000Z,6.02,99.98,-34681.24729
2016-09-15T02:59:59.000Z,6.02,99.98,-32767
2016-09-15T02:59:59.000Z,6.02,99.98,-34695.65984
2016-09-16T02:44:59.000Z,6.02,99.98,-32767
2016-09-16T02:44:59.000Z,6.02,99.98,-34710.07239
2016-09-17T02:55:00.000Z,6.02,99.98,-32767
2016-09-17T02:55:00.000Z,6.02,99.98,-34724.48494
2016-09-18T02:30:00.000Z,6.02,99.98,-32767
2016-09-18T02:30:00.000Z,6.02,99.98,-34738.89749
2016-09-19T02:39:59.000Z,6.02,99.98,-32767
2016-09-19T02:39:59.000Z,6.02,99.98,-34753.31004
2016-09-20T02:20:00.000Z,6.02,99.98,-32767
2016-09-20T02:20:00.000Z,6.02,99.98,-34767.72259
2016-09-21T02:59:59.000Z,6.02,99.98,-32767
2016-09-21T02:59:59.000Z,6.02,99.98,-34782.13514
2016-09-22T02:59:59.000Z,6.02,99.98,-32767
2016-09-22T02:59:59.000Z,6.02,99.98,-34796.54769
2016-09-23T02:50:00.000Z,6.02,99.98,-32767
2016-09-23T02:50:00.000Z,6.02,99.98,-34810.96024
2016-09-24T02:59:59.000Z,6.02,99.98,-32767
2016-09-25T02:40:00.000Z,6.02,99.98,-32767
2016-09-26T02:44:59.000Z,6.02,99.98,0.84
2016-09-27T02:24:59.000Z,6.02,99.98,-32767
2016-09-28T02:39:59.000Z,6.02,99.98,-32767
2016-09-29T02:09:59.000Z,6.02,99.98,-32767
2016-09-30T02:54:59.000Z,6.02,99.98,-32767
2016-10-01T02:59:59.000Z,6.02,99.98,-32767
2016-10-02T02:44:59.000Z,6.02,99.98,-32767
2016-10-03T02:55:00.000Z,6.02,99.98,-32767
2016-10-04T02:30:00.000Z,6.02,99.98,-32767
2016-10-05T02:40:00.000Z,6.02,99.98,-32767
2016-10-06T02:20:00.000Z,6.02,99.98,-32767
2016-10-07T02:34:59.000Z,6.02,99.98,-32767
2016-10-08T02:59:59.000Z,6.02,99.98,-32767
2016-10-09T02:24:59.000Z,6.02,99.98,-32767
2016-10-10T02:59:59.000Z,6.02,99.98,-32767
2016-10-11T02:34:59.000Z,6.02,99.98,-32767
2016-10-12T02:49:59.000Z,6.02,99.98,-32767
2016-10-13T02:24:59.000Z,6.02,99.98,-32767
2016-10-14T02:39:59.000Z,6.02,99.98,-32767
2016-10-15T02:09:59.000Z,6.02,99.98,-32767
2016-10-16T02:30:00.000Z,6.02,99.98,-32767
2016-10-17T02:59:59.000Z,6.02,99.98,-32767
2016-10-18T02:20:00.000Z,6.02,99.98,-32767
2016-10-19T02:55:00.000Z,6.02,99.98,-32767
2016-10-20T02:09:59.000Z,6.02,99.98,-32767
2016-10-21T02:39:59.000Z,6.02,99.98,-32767
2016-10-22T02:14:59.000Z,6.02,99.98,-32767
2016-10-23T02:34:59.000Z,6.02,99.98,-32767
2016-10-24T02:59:59.000Z,6.02,99.98,-32767
2016-10-25T02:24:59.000Z,6.02,99.98,-32767
2016-10-26T02:59:59.000Z,6.02,99.98,-32767
2016-10-27T02:14:59.000Z,6.02,99.98,-32767
2016-10-28T02:49:59.000Z,6.02,99.98,-32767
2016-10-29T02:10:00.000Z,6.02,99.98,-32767
2016-10-30T02:39:59.000Z,6.02,99.98,0.78
2016-10-31T02:10:00.000Z,6.02,99.98,-32767
2016-11-01T02:30:00.000Z,6.02,99.98,-32767
2016-11-02T03:00:00.000Z,6.02,99.98,-32767
2016-11-03T02:19:59.000Z,6.02,99.98,0.97
2016-11-04T02:55:00.000Z,6.02,99.98,-32767
2016-11-05T02:09:59.000Z,6.02,99.98,-32767
2016-11-06T02:44:59.000Z,6.02,99.98,-32767
2016-11-07T02:04:59.000Z,6.02,99.98,-32767
2016-11-08T02:34:59.000Z,6.02,99.98,-32767
2016-11-09T02:59:59.000Z,6.02,99.98,-32767
2016-11-10T02:24:59.000Z,6.02,99.98,-32767
2016-11-11T02:59:59.000Z,6.02,99.98,0.71
2016-11-12T02:15:00.000Z,6.02,99.98,0.56
2016-11-13T02:49:59.000Z,6.02,99.98,-32767
2016-11-14T02:10:00.000Z,6.02,99.98,-32767
2016-11-15T02:40:00.000Z,6.02,99.98,-32767
2016-11-16T02:05:00.000Z,6.02,99.98,-32767
2016-11-17T02:30:00.000Z,6.02,99.98,-32767
2016-11-18T03:00:00.000Z,6.02,99.98,-32767
2016-11-19T02:19:59.000Z,6.02,99.98,-32767
2016-11-20T02:55:00.000Z,6.02,99.98,0.49
2016-11-21T02:09:59.000Z,6.02,99.98,-32767
2016-11-22T02:44:59.000Z,6.02,99.98,-32767
2016-11-23T02:04:59.000Z,6.02,99.98,-32767
2016-11-24T02:34:59.000Z,6.02,99.98,-32767
2016-11-25T02:59:59.000Z,6.02,99.98,-32767
2016-11-26T02:24:59.000Z,6.02,99.98,-32767
2016-11-27T02:59:59.000Z,6.02,99.98,-32767
2016-11-28T02:15:00.000Z,6.02,99.98,-32767
2016-11-29T02:49:59.000Z,6.02,99.98,0.44
2016-11-30T02:10:00.000Z,6.02,99.98,-32767
2016-12-01T02:40:00.000Z,6.02,99.98,-32767
2016-12-02T02:04:59.000Z,6.02,99.98,-32767
2016-12-03T02:29:59.000Z,6.02,99.98,-32767
2016-12-04T03:00:00.000Z,6.02,99.98,-32767
2016-12-05T02:19:59.000Z,6.02,99.98,-32767
2016-12-06T02:54:59.000Z,6.02,99.98,-32767
2016-12-07T02:09:59.000Z,6.02,99.98,-32767
2016-12-08T02:44:59.000Z,6.02,99.98,0.69
2016-12-09T02:04:59.000Z,6.02,99.98,-32767
2016-12-10T02:34:59.000Z,6.02,99.98,-32767
2016-12-11T02:59:59.000Z,6.02,99.98,-32767
2016-12-12T02:25:00.000Z,6.02,99.98,-32767
2016-12-13T02:59:59.000Z,6.02,99.98,-32767
2016-12-14T02:15:00.000Z,6.02,99.98,-32767
2016-12-15T02:50:00.000Z,6.02,99.98,-32767
2016-12-16T02:09:59.000Z,6.02,99.98,-32767
2016-12-17T02:39:59.000Z,6.02,99.98,-32767
2016-12-18T02:04:59.000Z,6.02,99.98,-32767
2016-12-19T02:29:59.000Z,6.02,99.98,-32767
2016-12-20T02:59:59.000Z,6.02,99.98,-32767
2016-12-21T02:19:59.000Z,6.02,99.98,-32767
2016-12-22T02:54:59.000Z,6.02,99.98,-32767
2016-12-23T02:10:00.000Z,6.02,99.98,0.56
2016-12-24T02:44:59.000Z,6.02,99.98,-32767
2016-12-25T02:05:00.000Z,6.02,99.98,-32767
2016-12-26T02:35:00.000Z,6.02,99.98,-32767
2016-12-27T03:00:00.000Z,6.02,99.98,-32767
2016-12-28T02:25:00.000Z,6.02,99.98,-32767
2016-12-29T03:00:00.000Z,6.02,99.98,-32767
2016-12-30T02:14:59.000Z,6.02,99.98,-32767
2016-12-31T02:50:00.000Z,6.02,99.98,-32767
2017-01-01T02:09:59.000Z,6.02,99.98,-32767
2017-01-02T02:39:59.000Z,6.02,99.98,-32767
2017-01-03T02:05:00.000Z,6.02,99.98,-32767
2017-01-04T02:30:00.000Z,6.02,99.98,-32767
2017-01-05T03:00:00.000Z,6.02,99.98,-32767
2017-01-06T02:20:00.000Z,6.02,99.98,-32767
2017-01-07T02:55:00.000Z,6.02,99.98,-32767
2017-01-08T02:09:59.000Z,6.02,99.98,-32767
2017-01-09T02:44:59.000Z,6.02,99.98,-32767
2017-01-10T02:04:59.000Z,6.02,99.98,-32767
2017-01-11T02:34:59.000Z,6.02,99.98,-32767
2017-01-12T02:59:59.000Z,6.02,99.98,-32767
2017-01-13T02:24:59.000Z,6.02,99.98,0.75
2017-01-14T02:59:59.000Z,6.02,99.98,-32767
2017-01-15T02:14:59.000Z,6.02,99.98,0.65
2017-01-16T02:49:59.000Z,6.02,99.98,0.78
2017-01-17T02:10:00.000Z,6.02,99.98,-32767
2017-01-18T02:40:00.000Z,6.02,99.98,-32767
2017-01-19T02:05:00.000Z,6.02,99.98,-32767
2017-01-20T02:30:00.000Z,6.02,99.98,-32767
2017-01-21T03:00:00.000Z,6.02,99.98,-32767
2017-01-22T02:19:59.000Z,6.02,99.98,-32767
2017-01-23T02:54:58.000Z,6.02,99.98,-32767
2017-01-24T02:09:59.000Z,6.02,99.98,-32767
2017-01-25T02:44:59.000Z,6.02,99.98,-32767
2017-01-26T02:04:59.000Z,6.02,99.98,-32767
2017-01-27T02:34:59.000Z,6.02,99.98,0.9
2017-01-28T02:59:59.000Z,6.02,99.98,-32767
2017-01-29T02:24:59.000Z,6.02,99.98,-32767
2017-01-30T02:59:59.000Z,6.02,99.98,0.78
2017-01-31T02:15:00.000Z,6.02,99.98,-32767
2017-02-01T02:49:59.000Z,6.02,99.98,-32767
2017-02-02T02:10:00.000Z,6.02,99.98,-32767
2017-02-03T02:40:00.000Z,6.02,99.98,-32767
2017-02-04T02:10:00.000Z,6.02,99.98,-32767
2017-02-05T02:29:59.000Z,6.02,99.98,0.69
2017-02-06T03:00:00.000Z,6.02,99.98,-32767
2017-02-07T02:19:59.000Z,6.02,99.98,-32767
2017-02-08T02:54:59.000Z,6.02,99.98,0.63
2017-02-09T02:09:59.000Z,6.02,99.98,-32767
2017-02-10T02:44:59.000Z,6.02,99.98,0.85
2017-02-11T02:14:59.000Z,6.02,99.98,-32767
2017-02-12T02:34:59.000Z,6.02,99.98,-32767
2017-02-13T02:59:59.000Z,6.02,99.98,-32767
2017-02-14T02:25:00.000Z,6.02,99.98,-32767
2017-02-15T02:59:59.000Z,6.02,99.98,-32767
2017-02-16T02:15:00.000Z,6.02,99.98,3.35
2017-02-17T02:50:00.000Z,6.02,99.98,4.44
2017-02-18T02:20:00.000Z,6.02,99.98,-32767
2017-02-19T02:40:00.000Z,6.02,99.98,-32767
2017-02-20T02:10:00.000Z,6.02,99.98,-32767
2017-02-21T02:29:59.000Z,6.02,99.98,-32767
2017-02-22T03:00:00.000Z,6.02,99.98,-32767
2017-02-23T02:19:59.000Z,6.02,99.98,-32767
2017-02-24T02:54:59.000Z,6.02,99.98,-32767
2017-02-25T02:29:59.000Z,6.02,99.98,0.7
2017-02-26T02:44:59.000Z,6.02,99.98,-32767
2017-02-27T02:14:59.000Z,6.02,99.98,-32767
2017-02-28T02:34:59.000Z,6.02,99.98,-32767
2017-03-01T02:59:59.000Z,6.02,99.98,-32767
2017-03-02T02:25:00.000Z,6.02,99.98,-32767
2017-03-03T03:00:09.000Z,6.02,99.98,29.67
2017-03-04T02:35:09.000Z,6.02,99.98,30.89
2017-03-05T02:50:10.000Z,6.02,99.98,-32767
2017-03-06T02:25:10.000Z,6.02,99.98,-32767
2017-03-07T02:40:10.000Z,6.02,99.98,-32767
2017-03-08T02:10:10.000Z,6.02,99.98,-32767
2017-03-09T02:55:09.000Z,6.02,99.98,31.48
2017-03-10T03:00:09.000Z,6.02,99.98,31.56
2017-03-11T02:45:10.000Z,6.02,99.98,31.17
2017-03-12T02:55:09.000Z,6.02,99.98,31.04
2017-03-13T02:30:09.000Z,6.02,99.98,30.42
2017-03-14T02:45:09.000Z,6.02,99.98,31.66
2017-03-15T02:20:09.000Z,6.02,99.98,-32767
2017-03-16T03:00:10.000Z,6.02,99.98,-32767
2017-03-17T03:00:09.000Z,6.02,99.98,-32767
2017-03-18T02:50:09.000Z,6.02,99.98,-32767
2017-03-19T03:00:09.000Z,6.02,99.98,-32767
2017-03-20T02:40:09.000Z,6.02,99.98,-32767
2017-03-21T02:50:10.000Z,6.02,99.98,-32767
2017-03-22T02:25:10.000Z,6.02,99.98,-32767
2017-03-23T02:40:10.000Z,6.02,99.98,31.37
2017-03-24T02:15:10.000Z,6.02,99.98,-32767
2017-03-25T03:00:09.000Z,6.02,99.98,-32767
2017-03-26T03:00:10.000Z,6.02,99.98,33.67
2017-03-27T02:45:10.000Z,6.02,99.98,31.8
2017-03-28T02:55:09.000Z,6.02,99.98,-32767
2017-03-29T02:35:10.000Z,6.02,99.98,-32767
2017-03-30T02:45:09.000Z,6.02,99.98,-32767
2017-03-31T02:20:09.000Z,6.02,99.98,-32767
2017-04-01T03:00:10.000Z,6.02,99.98,30.78
2017-04-02T03:00:09.000Z,6.02,99.98,-32767
2017-04-03T02:50:09.000Z,6.02,99.98,-32767
2017-04-04T03:00:09.000Z,6.02,99.98,-32767
2017-04-05T02:40:09.000Z,6.02,99.98,-32767
2017-04-06T02:50:10.000Z,6.02,99.98,-32767
2017-04-07T02:25:10.000Z,6.02,99.98,29.61
2017-04-08T02:40:10.000Z,6.02,99.98,-32767
2017-04-09T02:15:10.000Z,6.02,99.98,-32767
2017-04-10T02:55:09.000Z,6.02,99.98,31.01
2017-04-11T03:00:10.000Z,6.02,99.98,-32767
2017-04-12T02:45:10.000Z,6.02,99.98,-32767
2017-04-13T02:55:09.000Z,6.02,99.98,-32767
2017-04-14T02:35:10.000Z,6.02,99.98,-32767
2017-04-15T02:45:09.000Z,6.02,99.98,31.05
2017-04-16T02:20:09.000Z,6.02,99.98,-32767
2017-04-17T03:00:10.000Z,6.02,99.98,31.81
2017-04-18T03:00:09.000Z,6.02,99.98,-32767
2017-04-19T02:50:09.000Z,6.02,99.98,32.76
2017-04-20T03:00:09.000Z,6.02,99.98,-32767
2017-04-21T02:40:09.000Z,6.02,99.98,31.22
2017-04-22T02:50:10.000Z,6.02,99.98,-32767
2017-04-23T02:25:09.000Z,6.02,99.98,-32767
2017-04-24T02:40:10.000Z,6.02,99.98,-32767
2017-04-25T02:15:10.000Z,6.02,99.98,-32767
2017-04-26T02:55:09.000Z,6.02,99.98,31.65
2017-04-27T03:00:10.000Z,6.02,99.98,-32767
2017-04-28T02:45:10.000Z,6.02,99.98,-32767
2017-04-29T02:55:09.000Z,6.02,99.98,-32767
2017-04-30T02:30:09.000Z,6.02,99.98,-32767
2017-05-01T02:45:09.000Z,6.02,99.98,31.65
2017-05-02T02:20:09.000Z,6.02,99.98,-32767
2017-05-03T03:00:10.000Z,6.02,99.98,30.93
2017-05-04T02:10:09.000Z,6.02,99.98,-32767
2017-05-05T02:50:09.000Z,6.02,99.98,-32767
2017-05-06T03:00:09.000Z,6.02,99.98,-32767
2017-05-07T02:40:09.000Z,6.02,99.98,-32767
2017-05-08T02:50:10.000Z,6.02,99.98,31.86
2017-05-09T02:25:09.000Z,6.02,99.98,-32767
2017-05-10T02:40:10.000Z,6.02,99.98,-32767
2017-05-11T02:15:10.000Z,6.02,99.98,-32767
2017-05-12T02:55:09.000Z,6.02,99.98,-32767
2017-05-13T03:00:10.000Z,6.02,99.98,-32767
2017-05-14T02:45:10.000Z,6.02,99.98,-32767
2017-05-15T02:55:09.000Z,6.02,99.98,-32767
2017-05-16T02:30:09.000Z,6.02,99.98,-32767
2017-05-17T02:45:09.000Z,6.02,99.98,-32767
2017-05-18T02:20:09.000Z,6.02,99.98,-32767
2017-05-19T03:00:09.000Z,6.02,99.98,-32767
2017-05-20T02:10:09.000Z,6.02,99.98,-32767
2017-05-21T02:50:09.000Z,6.02,99.98,-32767
2017-05-22T03:00:09.000Z,6.02,99.98,-32767
2017-05-23T02:40:09.000Z,6.02,99.98,-32767
2017-05-24T02:50:10.000Z,6.02,99.98,-32767
2017-05-25T02:25:10.000Z,6.02,99.98,-32767
2017-05-26T02:40:10.000Z,6.02,99.98,-32767
2017-05-27T02:15:10.000Z,6.02,99.98,-32767
2017-05-28T02:55:09.000Z,6.02,99.98,-32767
2017-05-29T03:00:09.000Z,6.02,99.98,-32767
2017-05-30T02:45:10.000Z,6.02,99.98,-32767
2017-05-31T02:55:09.000Z,6.02,99.98,-32767
2017-06-01T02:30:09.000Z,6.02,99.98,-32767
2017-06-02T02:45:09.000Z,6.02,99.98,28.91
2017-06-03T02:20:09.000Z,6.02,99.98,-32767
2017-06-04T03:00:09.000Z,6.02,99.98,-32767
2017-06-05T02:10:09.000Z,6.02,99.98,-32767
2017-06-06T02:50:09.000Z,6.02,99.98,-32767
2017-06-07T03:00:09.000Z,6.02,99.98,-32767
2017-06-08T02:40:09.000Z,6.02,99.98,-32767
2017-06-09T02:50:10.000Z,6.02,99.98,32.29
2017-06-10T02:25:10.000Z,6.02,99.98,-32767
2017-06-11T02:40:10.000Z,6.02,99.98,-32767
2017-06-12T02:15:10.000Z,6.02,99.98,-32767
2017-06-13T02:55:09.000Z,6.02,99.98,31.97
2017-06-14T03:00:09.000Z,6.02,99.98,-32767
2017-06-15T02:45:10.000Z,6.02,99.98,-32767
2017-06-16T02:55:09.000Z,6.02,99.98,31.78
2017-06-17T02:30:09.000Z,6.02,99.98,31.59
2017-06-18T02:45:09.000Z,6.02,99.98,-32767
2017-06-19T02:20:09.000Z,6.02,99.98,-32767
2017-06-20T03:00:09.000Z,6.02,99.98,-32767
2017-06-21T02:05:09.000Z,6.02,99.98,-32767
2017-06-22T02:50:09.000Z,6.02,99.98,-32767
2017-06-23T03:00:09.000Z,6.02,99.98,-32767
2017-06-24T02:40:09.000Z,6.02,99.98,-32767
2017-06-25T02:50:10.000Z,6.02,99.98,-32767
2017-06-26T02:25:10.000Z,6.02,99.98,-32767
2017-06-27T02:40:10.000Z,6.02,99.98,-32767
2017-06-28T02:15:10.000Z,6.02,99.98,-32767
2017-06-29T02:55:09.000Z,6.02,99.98,-32767
2017-06-30T03:00:09.000Z,6.02,99.98,-32767
2017-07-01T02:45:10.000Z,6.02,99.98,-32767
2017-07-02T02:55:09.000Z,6.02,99.98,-32767
2017-07-03T02:30:09.000Z,6.02,99.98,-32767
2017-07-04T02:45:09.000Z,6.02,99.98,29.39
2017-07-05T02:20:09.000Z,6.02,99.98,-32767
2017-07-06T03:00:09.000Z,6.02,99.98,31.06
2017-07-07T02:05:09.000Z,6.02,99.98,-32767
2017-07-08T02:50:09.000Z,6.02,99.98,-32767
2017-07-09T03:00:09.000Z,6.02,99.98,-32767
2017-07-10T02:40:09.000Z,6.02,99.98,32.86
2017-07-11T02:50:10.000Z,6.02,99.98,-32767
2017-07-12T02:25:10.000Z,6.02,99.98,-32767
2017-07-13T02:40:10.000Z,6.02,99.98,-32767
2017-07-14T02:15:10.000Z,6.02,99.98,-32767
2017-07-15T02:55:09.000Z,6.02,99.98,-32767
2017-07-16T03:00:08.000Z,6.02,99.98,-32767
2017-07-17T02:45:10.000Z,6.02,99.98,-32767
2017-07-18T02:55:09.000Z,6.02,99.98,-32767
2017-07-19T02:30:09.000Z,6.02,99.98,-32767
2017-07-20T02:45:09.000Z,6.02,99.98,-32767
2017-07-21T02:20:09.000Z,6.02,99.98,-32767
2017-07-22T03:00:10.000Z,6.02,99.98,-32767
2017-07-23T02:05:09.000Z,6.02,99.98,-32767
2017-07-24T02:50:09.000Z,6.02,99.98,-32767
2017-07-25T03:00:09.000Z,6.02,99.98,31.19
2017-07-26T02:40:09.000Z,6.02,99.98,-32767
2017-07-27T02:50:09.000Z,6.02,99.98,-32767
2017-07-28T02:25:09.000Z,6.02,99.98,-32767
2017-07-29T02:40:10.000Z,6.02,99.98,-32767
2017-07-30T02:15:10.000Z,6.02,99.98,-32767
2017-07-31T02:55:09.000Z,6.02,99.98,-32767
2017-08-01T03:00:10.000Z,6.02,99.98,-32767
2017-08-02T02:45:10.000Z,6.02,99.98,28.92
2017-08-03T02:55:09.000Z,6.02,99.98,-32767
2017-08-04T02:30:10.000Z,6.02,99.98,-32767
2017-08-05T02:45:09.000Z,6.02,99.98,-32767
2017-08-06T02:20:09.000Z,6.02,99.98,-32767
2017-08-07T03:00:10.000Z,6.02,99.98,-32767
2017-08-08T03:00:09.000Z,6.02,99.98,-32767
2017-08-09T02:50:09.000Z,6.02,99.98,-32767
2017-08-10T03:00:09.000Z,6.02,99.98,-32767
2017-08-11T02:40:09.000Z,6.02,99.98,31.64
2017-08-12T02:50:09.000Z,6.02,99.98,-32767
2017-08-13T02:25:09.000Z,6.02,99.98,-32767
2017-08-14T02:40:10.000Z,6.02,99.98,-32767
2017-08-15T02:15:10.000Z,6.02,99.98,-32767
2017-08-16T02:55:09.000Z,6.02,99.98,-32767
2017-08-17T03:00:10.000Z,6.02,99.98,-32767
2017-08-18T02:45:09.000Z,6.02,99.98,-32767
2017-08-19T02:55:10.000Z,6.02,99.98,-32767
2017-08-20T02:30:10.000Z,6.02,99.98,-32767
2017-08-21T02:45:09.000Z,6.02,99.98,-32767
2017-08-22T02:20:09.000Z,6.02,99.98,-32767
2017-08-23T03:00:10.000Z,6.02,99.98,-32767
2017-08-24T03:00:09.000Z,6.02,99.98,-32767
2017-08-25T02:50:09.000Z,6.02,99.98,-32767
2017-08-26T03:00:09.000Z,6.02,99.98,-32767
2017-08-27T02:40:09.000Z,6.02,99.98,-32767
2017-08-28T02:50:09.000Z,6.02,99.98,-32767
2017-08-29T02:25:09.000Z,6.02,99.98,-32767
2017-08-30T02:40:10.000Z,6.02,99.98,-32767
2017-08-31T02:15:10.000Z,6.02,99.98,-32767
2017-09-01T02:55:09.000Z,6.02,99.98,-32767
2017-09-02T03:00:10.000Z,6.02,99.98,30.4
2017-09-03T02:45:09.000Z,6.02,99.98,31.87
2017-09-04T02:55:10.000Z,6.02,99.98,30.43
2017-09-05T02:30:10.000Z,6.02,99.98,-32767
2017-09-06T02:45:09.000Z,6.02,99.98,-32767
2017-09-07T02:20:09.000Z,6.02,99.98,-32767
2017-09-08T03:00:10.000Z,6.02,99.98,-32767
2017-09-09T03:00:09.000Z,6.02,99.98,-32767
2017-09-10T02:50:10.000Z,6.02,99.98,-32767
2017-09-11T03:00:09.000Z,6.02,99.98,-32767
2017-09-12T02:40:09.000Z,6.02,99.98,-32767
2017-09-13T02:50:09.000Z,6.02,99.98,32.64
2017-09-14T02:25:09.000Z,6.02,99.98,-32767
2017-09-15T02:40:10.000Z,6.02,99.98,-32767
2017-09-16T02:15:10.000Z,6.02,99.98,-32767
2017-09-17T02:55:09.000Z,6.02,99.98,-32767
2017-09-18T03:00:10.000Z,6.02,99.98,-32767
2017-09-19T02:45:09.000Z,6.02,99.98,-32767
2017-09-20T02:55:10.000Z,6.02,99.98,-32767
2017-09-21T02:30:10.000Z,6.02,99.98,-32767
2017-09-22T02:45:09.000Z,6.02,99.98,-32767
2017-09-23T02:20:09.000Z,6.02,99.98,-32767
2017-09-24T03:00:10.000Z,6.02,99.98,-32767
2017-09-25T03:00:09.000Z,6.02,99.98,-32767
2017-09-26T02:50:10.000Z,6.02,99.98,-32767
2017-09-27T03:00:09.000Z,6.02,99.98,-32767
2017-09-28T02:40:09.000Z,6.02,99.98,-32767
2017-09-29T02:50:09.000Z,6.02,99.98,-32767
2017-09-30T02:25:09.000Z,6.02,99.98,-32767
2017-10-01T02:40:10.000Z,6.02,99.98,-32767
2017-10-02T02:10:10.000Z,6.02,99.98,-32767
2017-10-03T02:55:09.000Z,6.02,99.98,-32767
2017-10-04T03:00:10.000Z,6.02,99.98,-32767
2017-10-05T02:45:09.000Z,6.02,99.98,-32767
2017-10-06T02:55:10.000Z,6.02,99.98,30.75
2017-10-07T02:30:10.000Z,6.02,99.98,30.1
2017-10-08T02:45:09.000Z,6.02,99.98,-32767
2017-10-09T02:20:09.000Z,6.02,99.98,-32767
2017-10-10T02:35:09.000Z,6.02,99.98,-32767
2017-10-11T03:00:09.000Z,6.02,99.98,-32767
2017-10-12T02:25:09.000Z,6.02,99.98,-32767
2017-10-13T03:00:09.000Z,6.02,99.98,-32767
2017-10-14T02:15:10.000Z,6.02,99.98,-32767
2017-10-15T02:50:09.000Z,6.02,99.98,-32767
2017-10-16T02:25:09.000Z,6.02,99.98,-32767
2017-10-17T02:40:10.000Z,6.02,99.98,-32767
2017-10-18T02:10:10.000Z,6.02,99.98,-32767
2017-10-19T02:30:08.000Z,6.02,99.98,31.77
2017-10-20T03:00:10.000Z,6.02,99.98,32.47
2017-10-21T02:20:09.000Z,6.02,99.98,-32767
2017-10-22T02:55:08.000Z,6.02,99.98,-32767
2017-10-23T02:10:09.000Z,6.02,99.98,-32767
2017-10-24T02:45:09.000Z,6.02,99.98,-32767
2017-10-25T02:15:09.000Z,6.02,99.98,-32767
2017-10-26T02:35:09.000Z,6.02,99.98,30.19
2017-10-27T03:00:09.000Z,6.02,99.98,-32767
2017-10-28T02:25:09.000Z,6.02,99.98,-32767
2017-10-29T03:00:09.000Z,6.02,99.98,-32767
2017-10-30T02:15:10.000Z,6.02,99.98,-32767
2017-10-31T02:50:09.000Z,6.02,99.98,-32767
2017-11-01T02:10:10.000Z,6.02,99.98,-32767
2017-11-02T02:40:10.000Z,6.02,99.98,-32767
2017-11-03T02:10:10.000Z,6.02,99.98,-32767
2017-11-04T02:30:09.000Z,6.02,99.98,-32767
2017-11-05T03:00:10.000Z,6.02,99.98,-32767
2017-11-06T02:19:59.000Z,6.02,99.98,-32767
2017-11-07T02:54:59.000Z,6.02,99.98,-32767
2017-11-08T02:09:59.000Z,6.02,99.98,-32767
2017-11-09T02:44:59.000Z,6.02,99.98,-32767
2017-11-10T02:04:59.000Z,6.02,99.98,-32767
2017-11-11T02:34:59.000Z,6.02,99.98,30.51
2017-11-12T02:59:59.000Z,6.02,99.98,-32767
2017-11-13T02:25:00.000Z,6.02,99.98,-32767
2017-11-14T02:59:59.000Z,6.02,99.98,-32767
2017-11-15T02:15:00.000Z,6.02,99.98,29.97
2017-11-16T02:50:00.000Z,6.02,99.98,31.31
2017-11-17T02:09:59.000Z,6.02,99.98,30.14
2017-11-18T02:40:00.000Z,6.02,99.98,31.62
2017-11-19T02:04:59.000Z,6.02,99.98,-32767
2017-11-20T02:29:59.000Z,6.02,99.98,-32767
2017-11-21T02:59:59.000Z,6.02,99.98,29.52
2017-11-22T02:19:59.000Z,6.02,99.98,-32767
2017-11-23T02:54:59.000Z,6.02,99.98,-32767
2017-11-24T02:09:59.000Z,6.02,99.98,-32767
2017-11-25T02:44:59.000Z,6.02,99.98,-32767
2017-11-26T02:05:00.000Z,6.02,99.98,-32767
2017-11-27T02:35:00.000Z,6.02,99.98,-32767
2017-11-28T03:00:00.000Z,6.02,99.98,-32767
2017-11-29T02:25:00.000Z,6.02,99.98,-32767
2017-11-30T03:00:00.000Z,6.02,99.98,-32767
2017-12-01T02:14:59.000Z,6.02,99.98,-32767
2017-12-02T02:50:00.000Z,6.02,99.98,-32767
2017-12-03T02:09:59.000Z,6.02,99.98,-32767
2017-12-04T02:39:59.000Z,6.02,99.98,-32767
2017-12-05T02:04:59.000Z,6.02,99.98,-32767
2017-12-06T02:29:59.000Z,6.02,99.98,-32767
2017-12-07T02:59:59.000Z,6.02,99.98,-32767
2017-12-08T02:19:59.000Z,6.02,99.98,2.38
2017-12-09T02:54:59.000Z,6.02,99.98,-32767
2017-12-10T02:10:00.000Z,6.02,99.98,-32767
2017-12-11T02:45:00.000Z,6.02,99.98,1.44
2017-12-12T02:04:58.000Z,6.02,99.98,-32767
2017-12-13T02:35:00.000Z,6.02,99.98,1.33
2017-12-14T03:00:00.000Z,6.02,99.98,-32767
2017-12-15T02:24:59.000Z,6.02,99.98,-32767
2017-12-16T03:00:00.000Z,6.02,99.98,-32767
2017-12-17T02:14:59.000Z,6.02,99.98,1.12
2017-12-18T02:49:59.000Z,6.02,99.98,1.65
2017-12-19T02:09:59.000Z,6.02,99.98,-32767
2017-12-20T01:25:00.000Z,6.02,99.98,0.83
2017-12-21T02:04:59.000Z,6.02,99.98,-32767
2017-12-22T02:29:59.000Z,6.02,99.98,-32767
2017-12-23T02:59:59.000Z,6.02,99.98,-32767
2017-12-24T02:20:00.000Z,6.02,99.98,-32767
2017-12-25T02:54:59.000Z,6.02,99.98,2.17
2017-12-26T02:09:59.000Z,6.02,99.98,-32767
2017-12-27T02:45:00.000Z,6.02,99.98,2.61
2017-12-28T02:04:59.000Z,6.02,99.98,-32767
2017-12-29T02:34:59.000Z,6.02,99.98,0.9
2017-12-30T02:59:59.000Z,6.02,99.98,-32767
2017-12-31T02:24:59.000Z,6.02,99.98,-32767
2018-01-01T02:59:59.000Z,6.02,99.98,-32767
2018-01-02T02:14:59.000Z,6.02,99.98,-32767
2018-01-03T02:49:59.000Z,6.02,99.98,-32767
2018-01-04T02:10:00.000Z,6.02,99.98,-32767
2018-01-05T02:39:59.000Z,6.02,99.98,-32767
2018-01-06T02:05:00.000Z,6.02,99.98,-32767
2018-01-07T02:30:00.000Z,6.02,99.98,-32767
2018-01-08T03:00:00.000Z,6.02,99.98,-32767
2018-01-09T02:19:59.000Z,6.02,99.98,-32767
2018-01-10T02:55:00.000Z,6.02,99.98,-32767
2018-01-11T02:09:59.000Z,6.02,99.98,-32767
2018-01-12T02:44:59.000Z,6.02,99.98,-32767
2018-01-13T02:04:59.000Z,6.02,99.98,-32767
2018-01-14T02:34:59.000Z,6.02,99.98,-32767
2018-01-15T02:59:59.000Z,6.02,99.98,-32767
2018-01-16T02:24:59.000Z,6.02,99.98,-32767
2018-01-17T02:59:59.000Z,6.02,99.98,-32767
2018-01-18T02:15:00.000Z,6.02,99.98,0.64
2018-01-19T02:49:59.000Z,6.02,99.98,2.57
2018-01-20T02:10:00.000Z,6.02,99.98,-32767
2018-01-21T02:40:00.000Z,6.02,99.98,-32767
2018-01-22T02:10:00.000Z,6.02,99.98,-32767
2018-01-23T02:29:59.000Z,6.02,99.98,-32767
2018-01-24T03:00:00.000Z,6.02,99.98,-32767
2018-01-25T02:19:59.000Z,6.02,99.98,-32767
2018-01-26T02:54:59.000Z,6.02,99.98,-32767
2018-01-27T02:09:59.000Z,6.02,99.98,-32767
2018-01-28T02:44:59.000Z,6.02,99.98,-32767
2018-01-29T02:04:59.000Z,6.02,99.98,-32767
2018-01-30T02:34:59.000Z,6.02,99.98,0.99
2018-01-31T02:59:59.000Z,6.02,99.98,-32767
2018-02-01T02:25:00.000Z,6.02,99.98,0.65
2018-02-02T02:59:59.000Z,6.02,99.98,1.32
2018-02-03T02:15:00.000Z,6.02,99.98,0.84
2018-02-04T02:50:00.000Z,6.02,99.98,1.13
2018-02-05T02:09:59.000Z,6.02,99.98,-32767
2018-02-06T02:40:00.000Z,6.02,99.98,3.52
2018-02-07T02:09:59.000Z,6.02,99.98,-32767
2018-02-08T02:29:59.000Z,6.02,99.98,-32767
2018-02-09T02:59:59.000Z,6.02,99.98,9.09
2018-02-10T02:19:59.000Z,6.02,99.98,2.38
2018-02-11T02:54:59.000Z,6.02,99.98,2.45
2018-02-12T02:09:59.000Z,6.02,99.98,-32767
2018-02-13T02:44:59.000Z,6.02,99.98,1.81
2018-02-14T02:14:59.000Z,6.02,99.98,-32767
2018-02-15T02:34:59.000Z,6.02,99.98,-32767
2018-02-16T02:59:59.000Z,6.02,99.98,-32767
2018-02-17T02:25:00.000Z,6.02,99.98,0.59
2018-02-18T02:59:59.000Z,6.02,99.98,1.55
2018-02-19T02:14:59.000Z,6.02,99.98,1.03
2018-02-20T02:50:00.000Z,6.02,99.98,2.48
2018-02-21T02:25:00.000Z,6.02,99.98,-32767
2018-02-22T02:39:59.000Z,6.02,99.98,1.3
2018-02-23T02:09:59.000Z,6.02,99.98,-32767
2018-02-24T02:29:59.000Z,6.02,99.98,-32767
2018-02-25T02:59:59.000Z,6.02,99.98,-32767
2018-02-26T02:19:59.000Z,6.02,99.98,-32767
2018-02-27T02:54:59.000Z,6.02,99.98,-32767
2018-02-28T02:29:59.000Z,6.02,99.98,-32767
2018-03-01T02:44:59.000Z,6.02,99.98,-32767
2018-03-02T02:19:59.000Z,6.02,99.98,-32767
2018-03-03T02:34:59.000Z,6.02,99.98,-32767
2018-03-04T02:59:59.000Z,6.02,99.98,-32767
2018-03-05T02:49:59.000Z,6.02,99.98,-32767
2018-03-06T02:59:59.000Z,6.02,99.98,1.17
2018-03-07T02:34:59.000Z,6.02,99.98,-32767
2018-03-08T02:50:00.000Z,6.02,99.98,0.97
2018-03-09T02:25:00.000Z,6.02,99.98,-32767
2018-03-10T02:39:59.000Z,6.02,99.98,0.48
2018-03-11T02:14:59.000Z,6.02,99.98,-32767
2018-03-12T02:55:00.000Z,6.02,99.98,-32767
2018-03-13T02:59:59.000Z,6.02,99.98,-32767
2018-03-14T02:45:00.000Z,6.02,99.98,-32767
2018-03-15T02:54:59.000Z,6.02,99.98,1.6
2018-03-16T02:29:59.000Z,6.02,99.98,-32767
2018-03-17T02:44:59.000Z,6.02,99.98,0.9
2018-03-18T02:19:59.000Z,6.02,99.98,-32767
2018-03-19T02:59:59.000Z,6.02,99.98,-32767
2018-03-20T03:00:00.000Z,6.02,99.98,-32767
2018-03-21T02:49:59.000Z,6.02,99.98,-32767
2018-03-22T03:00:00.000Z,6.02,99.98,-32767
2018-03-23T02:39:59.000Z,6.02,99.98,-32767
2018-03-24T02:50:00.000Z,6.02,99.98,-32767
2018-03-25T02:25:00.000Z,6.02,99.98,-32767
2018-03-26T02:39:59.000Z,6.02,99.98,0.92
2018-03-27T02:14:59.000Z,6.02,99.98,-32767
2018-03-28T03:00:00.000Z,6.02,99.98,-32767
2018-03-29T02:59:59.000Z,6.02,99.98,-32767
2018-03-30T02:45:00.000Z,6.02,99.98,-32767
2018-03-31T02:54:59.000Z,6.02,99.98,1.49
2018-04-01T02:34:59.000Z,6.02,99.98,-32767
2018-04-02T02:44:59.000Z,6.02,99.98,-32767
2018-04-03T02:19:59.000Z,6.02,99.98,-32767
2018-04-04T02:59:59.000Z,6.02,99.98,-32767
2018-04-05T02:59:59.000Z,6.02,99.98,-32767
2018-04-06T02:49:59.000Z,6.02,99.98,-32767
2018-04-07T02:59:59.000Z,6.02,99.98,-32767
2018-04-08T02:39:59.000Z,6.02,99.98,-32767
2018-04-09T02:50:00.000Z,6.02,99.98,-32767
2018-04-10T02:25:00.000Z,6.02,99.98,-32767
2018-04-11T02:39:59.000Z,6.02,99.98,-32767
2018-04-12T02:14:59.000Z,6.02,99.98,-32767
2018-04-13T02:59:59.000Z,6.02,99.98,-32767
2018-04-14T02:59:59.000Z,6.02,99.98,-32767
2018-04-15T02:45:00.000Z,6.02,99.98,-32767
2018-04-16T02:54:59.000Z,6.02,99.98,-32767
2018-04-17T02:34:59.000Z,6.02,99.98,-32767
2018-04-18T02:44:59.000Z,6.02,99.98,-32767
2018-04-19T02:19:59.000Z,6.02,99.98,-32767
2018-04-20T02:59:59.000Z,6.02,99.98,-32767
2018-04-21T03:00:00.000Z,6.02,99.98,-32767
2018-04-22T02:49:59.000Z,6.02,99.98,-32767
2018-04-23T03:00:00.000Z,6.02,99.98,-32767
2018-04-24T02:39:59.000Z,6.02,99.98,-32767
2018-04-25T02:50:00.000Z,6.02,99.98,-32767
2018-04-26T02:25:00.000Z,6.02,99.98,-32767
2018-04-27T02:39:59.000Z,6.02,99.98,-32767
2018-04-28T02:14:59.000Z,6.02,99.98,-32767
2018-04-29T03:00:00.000Z,6.02,99.98,-32767
2018-04-30T02:59:59.000Z,6.02,99.98,-32767
2018-05-01T02:44:58.000Z,6.02,99.98,-32767
2018-05-02T02:54:59.000Z,6.02,99.98,-32767
2018-05-03T02:34:59.000Z,6.02,99.98,-32767
2018-05-04T02:44:59.000Z,6.02,99.98,0.52
2018-05-05T02:19:59.000Z,6.02,99.98,-32767
2018-05-06T02:59:59.000Z,6.02,99.98,-32767
2018-05-07T02:09:59.000Z,6.02,99.98,-32767
2018-05-08T02:49:59.000Z,6.02,99.98,-32767
2018-05-09T03:00:00.000Z,6.02,99.98,-32767
2018-05-10T02:39:59.000Z,6.02,99.98,-32767
2018-05-11T02:50:00.000Z,6.02,99.98,-32767
2018-05-12T02:25:00.000Z,6.02,99.98,-32767
2018-05-13T02:39:59.000Z,6.02,99.98,-32767
2018-05-14T02:14:59.000Z,6.02,99.98,-32767
2018-05-15T03:00:00.000Z,6.02,99.98,-32767
2018-05-16T02:59:59.000Z,6.02,99.98,-32767
2018-05-17T02:44:59.000Z,6.02,99.98,-32767
2018-05-18T02:54:59.000Z,6.02,99.98,-32767
2018-05-19T02:34:59.000Z,6.02,99.98,-32767
2018-05-20T02:44:59.000Z,6.02,99.98,0.51
2018-05-21T02:19:59.000Z,6.02,99.98,-32767
2018-05-22T02:59:59.000Z,6.02,99.98,-32767
2018-05-23T02:10:00.000Z,6.02,99.98,-32767
2018-05-24T02:49:59.000Z,6.02,99.98,-32767
2018-05-25T03:00:00.000Z,6.02,99.98,-32767
2018-05-26T02:39:59.000Z,6.02,99.98,-32767
2018-05-27T02:50:00.000Z,6.02,99.98,-32767
2018-05-28T02:25:00.000Z,6.02,99.98,-32767
2018-05-29T02:39:59.000Z,6.02,99.98,-32767
2018-05-30T02:14:59.000Z,6.02,99.98,-32767
2018-05-31T03:00:00.000Z,6.02,99.98,-32767
2018-06-01T02:59:59.000Z,6.02,99.98,-32767
2018-06-02T02:44:59.000Z,6.02,99.98,-32767
2018-06-03T02:54:59.000Z,6.02,99.98,-32767
2018-06-04T02:34:59.000Z,6.02,99.98,-32767
2018-06-05T02:44:59.000Z,6.02,99.98,-32767
2018-06-06T02:19:59.000Z,6.02,99.98,-32767
2018-06-07T02:59:59.000Z,6.02,99.98,-32767
2018-06-08T02:10:00.000Z,6.02,99.98,-32767
2018-06-09T02:49:59.000Z,6.02,99.98,-32767
2018-06-10T03:00:00.000Z,6.02,99.98,0.35
2018-06-11T02:40:00.000Z,6.02,99.98,-32767
2018-06-12T02:49:59.000Z,6.02,99.98,-32767
2018-06-13T02:24:59.000Z,6.02,99.98,-32767
2018-06-14T02:39:59.000Z,6.02,99.98,-32767
2018-06-15T02:14:59.000Z,6.02,99.98,-32767
2018-06-16T02:55:00.000Z,6.02,99.98,-32767
2018-06-17T02:59:59.000Z,6.02,99.98,-32767
2018-06-18T02:44:59.000Z,6.02,99.98,-32767
2018-06-19T02:54:59.000Z,6.02,99.98,-32767
2018-06-20T02:34:59.000Z,6.02,99.98,-32767
2018-06-21T02:44:59.000Z,6.02,99.98,-32767
2018-06-22T02:19:59.000Z,6.02,99.98,-32767
2018-06-23T02:59:59.000Z,6.02,99.98,0.86
2018-06-24T02:10:00.000Z,6.02,99.98,-32767
2018-06-25T02:49:59.000Z,6.02,99.98,-32767
2018-06-26T03:00:00.000Z,6.02,99.98,-32767
2018-06-27T02:40:00.000Z,6.02,99.98,-32767
2018-06-28T02:49:59.000Z,6.02,99.98,-32767
2018-06-29T02:24:59.000Z,6.02,99.98,-32767
2018-06-30T02:39:59.000Z,6.02,99.98,0.48
2018-07-01T02:14:59.000Z,6.02,99.98,-32767
2018-07-02T02:55:00.000Z,6.02,99.98,-32767
2018-07-03T02:59:59.000Z,6.02,99.98,-32767
2018-07-04T02:44:59.000Z,6.02,99.98,-32767
2018-07-05T02:54:59.000Z,6.02,99.98,-32767
2018-07-06T02:34:59.000Z,6.02,99.98,-32767
2018-07-07T02:44:59.000Z,6.02,99.98,-32767
2018-07-08T02:19:59.000Z,6.02,99.98,-32767
2018-07-09T02:59:59.000Z,6.02,99.98,-32767
2018-07-10T02:10:00.000Z,6.02,99.98,-32767
2018-07-11T02:49:59.000Z,6.02,99.98,-32767
2018-07-12T03:00:00.000Z,6.02,99.98,-32767
2018-07-13T02:40:00.000Z,6.02,99.98,-32767
2018-07-14T02:49:59.000Z,6.02,99.98,-32767
2018-07-15T02:24:59.000Z,6.02,99.98,-32767
2018-07-16T02:39:59.000Z,6.02,99.98,0.53
2018-07-17T02:14:59.000Z,6.02,99.98,-32767
2018-07-18T03:00:00.000Z,6.02,99.98,-32767
2018-07-19T02:59:59.000Z,6.02,99.98,-32767
2018-07-20T02:44:59.000Z,6.02,99.98,-32767
2018-07-21T02:54:59.000Z,6.02,99.98,-32767
2018-07-22T02:34:59.000Z,6.02,99.98,-32767
2018-07-23T02:44:59.000Z,6.02,99.98,-32767
2018-07-24T02:19:59.000Z,6.02,99.98,-32767
2018-07-25T02:59:59.000Z,6.02,99.98,-32767
2018-07-26T02:10:00.000Z,6.02,99.98,-32767
2018-07-27T02:49:59.000Z,6.02,99.98,-32767
2018-07-28T03:00:00.000Z,6.02,99.98,-32767
2018-07-29T02:40:00.000Z,6.02,99.98,-32767
2018-07-30T02:50:00.000Z,6.02,99.98,0.63
2018-07-31T02:25:00.000Z,6.02,99.98,-32767
2018-08-01T02:39:59.000Z,6.02,99.98,-32767
2018-08-02T02:14:59.000Z,6.02,99.98,-32767
2018-08-03T03:00:00.000Z,6.02,99.98,-32767
2018-08-04T02:59:59.000Z,6.02,99.98,-32767
2018-08-05T02:44:59.000Z,6.02,99.98,-32767
2018-08-06T02:54:59.000Z,6.02,99.98,0.49
2018-08-07T02:34:59.000Z,6.02,99.98,-32767
2018-08-08T02:44:59.000Z,6.02,99.98,-32767
2018-08-09T02:19:59.000Z,6.02,99.98,-32767
2018-08-10T02:59:59.000Z,6.02,99.98,-32767
2018-08-11T02:10:00.000Z,6.02,99.98,-32767
2018-08-12T02:49:59.000Z,6.02,99.98,-32767
2018-08-13T03:00:00.000Z,6.02,99.98,-32767
2018-08-14T02:40:00.000Z,6.02,99.98,0.29
2018-08-15T02:50:00.000Z,6.02,99.98,-32767
2018-08-16T02:25:00.000Z,6.02,99.98,-32767
2018-08-17T02:39:59.000Z,6.02,99.98,-32767
2018-08-18T02:14:59.000Z,6.02,99.98,-32767
2018-08-19T03:00:00.000Z,6.02,99.98,-32767
2018-08-20T02:59:59.000Z,6.02,99.98,-32767
2018-08-21T02:44:59.000Z,6.02,99.98,-32767
2018-08-22T02:54:59.000Z,6.02,99.98,-32767
2018-08-23T02:34:59.000Z,6.02,99.98,-32767
2018-08-24T02:44:59.000Z,6.02,99.98,-32767
2018-08-25T02:19:59.000Z,6.02,99.98,-32767
2018-08-26T02:59:59.000Z,6.02,99.98,-32767
2018-08-27T03:00:00.000Z,6.02,99.98,-32767
2018-08-28T02:49:58.000Z,6.02,99.98,-32767
2018-08-29T02:59:58.000Z,6.02,99.98,-32767
2018-08-30T02:39:58.000Z,6.02,99.98,0.32
2018-08-31T02:49:58.000Z,6.02,99.98,0.26
2018-09-01T02:24:58.000Z,6.02,99.98,-32767
2018-09-02T01:24:58.000Z,6.02,99.98,0.39
2018-09-03T02:04:58.000Z,6.02,99.98,-32767
2018-09-04T01:09:58.000Z,6.02,99.98,-32767
2018-09-05T01:54:58.000Z,6.02,99.98,-32767
2018-09-06T02:44:59.000Z,6.02,99.98,-32767
2018-09-07T01:39:58.000Z,6.02,99.98,-32767
2018-09-08T02:34:57.000Z,6.02,99.98,-32767
2018-09-09T02:44:58.000Z,6.02,99.98,-32767
2018-09-09T13:04:57.000Z,6.02,99.98,-32767
2018-09-11T09:44:59.000Z,6.02,99.98,-32767
2018-09-13T02:49:58.000Z,6.02,99.98,-32767
2018-09-14T01:09:58.000Z,6.02,99.98,-32767
2018-09-17T02:24:58.000Z,6.02,99.98,-32767
2018-09-18T02:39:59.000Z,6.02,99.98,-32767
2018-09-18T22:39:58.000Z,6.02,99.98,-32767
2018-09-21T02:59:57.000Z,6.02,99.98,-32767
2018-09-22T02:44:59.000Z,6.02,99.98,-32767
2018-09-23T02:54:58.000Z,6.02,99.98,-32767
2018-09-24T02:09:58.000Z,6.02,99.98,-32767
2018-09-25T02:44:58.000Z,6.02,99.98,-32767
2018-09-26T02:19:58.000Z,6.02,99.98,-32767
2018-09-27T02:59:57.000Z,6.02,99.98,-32767
2018-09-28T01:59:58.000Z,6.02,99.98,-32767
2018-09-29T02:49:58.000Z,6.02,99.98,-32767
2018-09-30T01:49:59.000Z,6.02,99.98,-32767
2018-10-01T01:54:58.000Z,6.02,99.98,-32767
2018-10-02T02:49:58.000Z,6.02,99.98,-32767
2018-10-03T02:24:58.000Z,6.02,99.98,-32767
2018-10-04T02:39:59.000Z,6.02,99.98,-32767
2018-10-05T02:09:57.000Z,6.02,99.98,-32767
2018-10-06T02:29:58.000Z,6.02,99.98,-32767
2018-10-07T02:59:57.000Z,6.02,99.98,-32767
2018-10-08T02:19:58.000Z,6.02,99.98,-32767
2018-10-09T02:54:58.000Z,6.02,99.98,-32767
2018-10-10T02:29:58.000Z,6.02,99.98,-32767
2018-10-11T02:44:58.000Z,6.02,99.98,0.53
2018-10-12T02:19:58.000Z,6.02,99.98,-32767
2018-10-13T02:34:58.000Z,6.02,99.98,-32767
2018-10-14T01:59:58.000Z,6.02,99.98,-32767
2018-10-15T02:24:58.000Z,6.02,99.98,-32767
2018-10-16T01:49:59.000Z,6.02,99.98,-32767
2018-10-17T02:14:59.000Z,6.02,99.98,0.33
2018-10-18T01:34:58.000Z,6.02,99.98,-32767
2018-10-20T02:39:57.000Z,6.02,99.98,0.83
2018-10-22T02:29:58.000Z,6.02,99.98,-32767
2018-10-24T02:19:58.000Z,6.02,99.98,-32767
2018-10-25T02:54:58.000Z,6.02,99.98,-32767
2018-10-26T02:09:58.000Z,6.02,99.98,0.52
2018-10-27T02:44:58.000Z,6.02,99.98,0.89
2018-10-28T02:04:58.000Z,6.02,99.98,-32767
2018-10-29T02:34:58.000Z,6.02,99.98,-32767
2018-10-30T02:59:58.000Z,6.02,99.98,-32767
2018-10-31T02:24:59.000Z,6.02,99.98,-32767
2018-11-01T02:59:58.000Z,6.02,99.98,-32767
2018-11-02T02:14:57.000Z,6.02,99.98,-32767
2018-11-03T01:34:58.000Z,6.02,99.98,-32767
2018-11-04T02:09:58.000Z,6.02,99.98,-32767
2018-11-05T02:39:57.000Z,6.02,99.98,0.98
2018-11-05T12:59:59.000Z,6.02,99.98,-32767
2018-11-07T02:29:58.000Z,6.02,99.98,-32767
2018-11-08T02:59:58.000Z,6.02,99.98,-32767
2018-11-09T02:19:58.000Z,6.02,99.98,-32767
2018-11-10T02:54:58.000Z,6.02,99.98,-32767
2018-11-11T02:09:58.000Z,6.02,99.98,-32767
2018-11-11T23:39:58.000Z,6.02,99.98,-32767
2018-11-13T02:04:59.000Z,6.02,99.98,-32767
2018-11-14T02:34:59.000Z,6.02,99.98,-32767
2018-11-15T02:59:59.000Z,6.02,99.98,-32767
2018-11-16T02:24:57.000Z,6.02,99.98,-32767
2018-11-17T02:59:59.000Z,6.02,99.98,-32767
2018-11-18T02:14:58.000Z,6.02,99.98,-32767
2018-11-19T02:49:57.000Z,6.02,99.98,-32767
2018-11-20T02:09:58.000Z,6.02,99.98,-32767
2018-11-21T02:39:58.000Z,6.02,99.98,-32767
2018-11-22T02:04:58.000Z,6.02,99.98,-32767
2018-11-23T02:29:58.000Z,6.02,99.98,-32767
2018-11-24T02:59:58.000Z,6.02,99.98,-32767
2018-11-25T02:19:58.000Z,6.02,99.98,-32767
2018-11-26T02:54:58.000Z,6.02,99.98,0.98
2018-11-27T02:09:59.000Z,6.02,99.98,-32767
2018-11-28T02:44:58.000Z,6.02,99.98,-32767
2018-11-29T02:04:57.000Z,6.02,99.98,-32767
2018-11-30T02:34:57.000Z,6.02,99.98,-32767
2018-12-01T02:59:57.000Z,6.02,99.98,-32767
2018-12-02T02:24:58.000Z,6.02,99.98,-32767
2018-12-03T02:59:57.000Z,6.02,99.98,-32767
2018-12-04T02:14:58.000Z,6.02,99.98,-32767
2018-12-04T18:54:58.000Z,6.02,99.98,-32767
2018-12-06T02:09:58.000Z,6.02,99.98,-32767
2018-12-07T02:39:58.000Z,6.02,99.98,-32767
2018-12-08T02:04:58.000Z,6.02,99.98,-32767
2018-12-09T02:29:58.000Z,6.02,99.98,1.62
2018-12-10T02:59:58.000Z,6.02,99.98,-32767
2018-12-10T21:29:58.000Z,6.02,99.98,-32767
2018-12-12T02:54:58.000Z,6.02,99.98,-32767
2018-12-13T02:09:58.000Z,6.02,99.98,-32767
2018-12-14T02:44:59.000Z,6.02,99.98,-32767
2018-12-15T02:04:58.000Z,6.02,99.98,-32767
2018-12-16T02:34:58.000Z,6.02,99.98,-32767
2018-12-17T02:59:58.000Z,6.02,99.98,-32767
2018-12-18T02:24:58.000Z,6.02,99.98,-32767
2018-12-19T02:59:58.000Z,6.02,99.98,-32767
2018-12-20T02:14:58.000Z,6.02,99.98,-32767
2018-12-21T02:49:58.000Z,6.02,99.98,1.66
2018-12-22T02:09:58.000Z,6.02,99.98,-32767
2018-12-23T02:39:58.000Z,6.02,99.98,1.15
2018-12-24T02:04:59.000Z,6.02,99.98,-32767
2018-12-25T02:29:59.000Z,6.02,99.98,-32767
2018-12-26T02:59:59.000Z,6.02,99.98,-32767
2018-12-27T02:19:58.000Z,6.02,99.98,-32767
2018-12-28T02:54:59.000Z,6.02,99.98,-32767
2018-12-29T02:09:58.000Z,6.02,99.98,0.61
2018-12-30T02:44:58.000Z,6.02,99.98,0.99
2018-12-31T02:04:58.000Z,6.02,99.98,-32767
2019-01-01T01:14:57.000Z,6.02,99.98,1.27
2019-01-03T02:24:58.000Z,6.02,99.98,-32767
2019-01-05T02:14:59.000Z,6.02,99.98,-32767
2019-01-06T02:49:58.000Z,6.02,99.98,0.65
2019-01-07T02:09:57.000Z,6.02,99.98,-32767
2019-01-08T02:39:59.000Z,6.02,99.98,0.67
2019-01-09T02:04:58.000Z,6.02,99.98,-32767
2019-01-10T02:29:58.000Z,6.02,99.98,-32767
2019-01-11T02:59:57.000Z,6.02,99.98,-32767
2019-01-12T02:19:58.000Z,6.02,99.98,0.95
2019-01-13T02:54:58.000Z,6.02,99.98,-32767
2019-01-14T02:09:58.000Z,6.02,99.98,-32767
2019-01-15T02:44:58.000Z,6.02,99.98,1.73
2019-01-16T02:04:58.000Z,6.02,99.98,-32767
2019-01-17T02:34:58.000Z,6.02,99.98,-32767
2019-01-18T02:59:58.000Z,6.02,99.98,-32767
2019-01-19T02:24:59.000Z,6.02,99.98,-32767
2019-01-20T02:59:58.000Z,6.02,99.98,1.3
2019-01-21T02:14:57.000Z,6.02,99.98,0.97
2019-01-22T02:49:59.000Z,6.02,99.98,-32767
2019-01-23T02:09:58.000Z,6.02,99.98,-32767
2019-01-24T02:39:58.000Z,6.02,99.98,1.81
2019-01-25T02:09:58.000Z,6.02,99.98,-32767
2019-01-26T02:29:58.000Z,6.02,99.98,-32767
2019-02-26T02:09:58.000Z,6.02,99.98,-32767
2019-02-27T02:29:58.000Z,6.02,99.98,-32767
2019-02-28T02:59:58.000Z,6.02,99.98,-32767
2019-03-01T02:19:59.000Z,6.02,99.98,-32767
2019-03-02T02:54:58.000Z,6.02,99.98,6.85
2019-03-03T02:29:58.000Z,6.02,99.98,-32767
2019-03-04T02:44:59.000Z,6.02,99.98,-32767
2019-03-05T02:19:59.000Z,6.02,99.98,-32767
2019-03-06T02:34:57.000Z,6.02,99.98,1.34
2019-03-07T02:59:57.000Z,6.02,99.98,-32767
2019-03-08T02:49:58.000Z,6.02,99.98,-32767
2019-03-09T02:59:57.000Z,6.02,99.98,1.44
2019-03-10T02:14:58.000Z,6.02,99.98,-32767
2019-03-11T02:49:58.000Z,6.02,99.98,1
2019-03-12T02:24:58.000Z,6.02,99.98,-32767
2019-03-13T02:39:58.000Z,6.02,99.98,0.83
2019-03-14T02:14:58.000Z,6.02,99.98,-32767
2019-03-15T02:54:58.000Z,6.02,99.98,-32767
2019-03-16T02:59:58.000Z,6.02,99.98,-32767
2019-03-17T02:19:59.000Z,6.02,99.98,-32767
2019-03-18T02:54:58.000Z,6.02,99.98,-32767
2019-03-19T02:29:58.000Z,6.02,99.98,-32767
2019-03-20T02:44:59.000Z,6.02,99.98,-32767
2019-03-21T02:04:58.000Z,6.02,99.98,-32767
2019-03-22T02:59:58.000Z,6.02,99.98,-32767
2019-03-23T02:59:57.000Z,6.02,99.98,-32767
2019-03-24T02:49:58.000Z,6.02,99.98,-32767
2019-03-25T02:54:58.000Z,6.02,99.98,-32767
2019-03-26T02:39:59.000Z,6.02,99.98,-32767
2019-03-27T01:29:59.000Z,6.02,99.98,1.07
2019-03-28T02:09:58.000Z,6.02,99.98,-32767
2019-03-29T02:39:58.000Z,6.02,99.98,0.92
2019-03-30T02:14:58.000Z,6.02,99.98,-32767
2019-03-31T02:59:57.000Z,6.02,99.98,-32767
2019-04-01T02:59:58.000Z,6.02,99.98,-32767
2019-04-02T02:44:58.000Z,6.02,99.98,-32767
2019-04-03T02:54:58.000Z,6.02,99.98,-32767
2019-04-04T02:34:58.000Z,6.02,99.98,0.46
2019-04-05T02:44:59.000Z,6.02,99.98,0.72
2019-04-06T02:04:58.000Z,6.02,99.98,-32767
2019-04-07T02:59:58.000Z,6.02,99.98,-32767
2019-04-08T01:54:58.000Z,6.02,99.98,-32767
2019-04-09T02:49:58.000Z,6.02,99.98,-32767
2019-04-10T01:44:58.000Z,6.02,99.98,-32767
2019-04-11T02:14:58.000Z,6.02,99.98,-32767
2019-04-12T02:49:58.000Z,6.02,99.98,-32767
2019-04-13T02:09:58.000Z,6.02,99.98,-32767
2019-04-14T02:39:58.000Z,6.02,99.98,0.56
2019-04-15T02:14:58.000Z,6.02,99.98,-32767
2019-04-16T02:29:58.000Z,6.02,99.98,-32767
2019-04-17T02:59:58.000Z,6.02,99.98,-32767
2019-04-18T02:44:58.000Z,6.02,99.98,-32767
2019-04-19T02:54:58.000Z,6.02,99.98,0.71
2019-04-20T02:34:58.000Z,6.02,99.98,-32767
2019-04-21T02:44:59.000Z,6.02,99.98,-32767
2019-04-22T02:04:58.000Z,6.02,99.98,-32767
2019-04-23T01:14:58.000Z,6.02,99.98,-32767
2019-04-24T02:59:57.000Z,6.02,99.98,-32767
2019-04-25T02:49:59.000Z,6.02,99.98,-32767
2019-04-26T01:44:58.000Z,6.02,99.98,-32767
2019-04-27T02:14:58.000Z,6.02,99.98,-32767
2019-04-28T02:49:58.000Z,6.02,99.98,-32767
2019-04-29T02:09:58.000Z,6.02,99.98,-32767
2019-04-30T02:39:58.000Z,6.02,99.98,0.59
2019-05-01T02:04:58.000Z,6.02,99.98,-32767
2019-05-02T02:54:58.000Z,6.02,99.98,-32767
2019-05-03T02:59:58.000Z,6.02,99.98,0.52
2019-05-04T02:19:59.000Z,6.02,99.98,0.51
2019-05-05T02:49:59.000Z,6.02,99.98,-32767
2019-05-06T02:34:58.000Z,6.02,99.98,-32767
2019-05-07T02:44:59.000Z,6.02,99.98,-32767
2019-05-08T02:19:59.000Z,6.02,99.98,-32767
2019-05-09T02:59:58.000Z,6.02,99.98,-32767
2019-05-10T01:54:58.000Z,6.02,99.98,-32767
2019-05-11T02:09:58.000Z,6.02,99.98,-32767
2019-05-12T01:44:58.000Z,6.02,99.98,-32767
2019-05-13T02:14:58.000Z,6.02,99.98,-32767
2019-05-14T02:49:58.000Z,6.02,99.98,0.86
2019-05-15T02:09:58.000Z,6.02,99.98,-32767
2019-05-16T02:39:58.000Z,6.02,99.98,-32767
2019-05-17T02:14:58.000Z,6.02,99.98,-32767
2019-05-18T02:29:58.000Z,6.02,99.98,-32767
2019-05-19T02:59:58.000Z,6.02,99.98,-32767
2019-05-20T02:44:58.000Z,6.02,99.98,-32767
2019-05-21T02:54:59.000Z,6.02,99.98,-32767
2019-05-22T02:29:59.000Z,6.02,99.98,0.37
2019-05-23T02:44:57.000Z,6.02,99.98,0.5
2019-05-24T02:19:57.000Z,6.02,99.98,-32767
2019-05-25T02:59:58.000Z,6.02,99.98,0.45
2019-05-26T02:09:58.000Z,6.02,99.98,-32767
2019-05-27T02:24:58.000Z,6.02,99.98,-32767
2019-05-28T01:44:58.000Z,6.02,99.98,-32767
2019-05-29T02:14:58.000Z,6.02,99.98,-32767
2019-05-30T02:49:58.000Z,6.02,99.98,-32767
2019-05-31T02:24:58.000Z,6.02,99.98,-32767
2019-06-01T02:39:58.000Z,6.02,99.98,-32767
2019-06-02T02:14:58.000Z,6.02,99.98,-32767
2019-06-03T02:54:58.000Z,6.02,99.98,-32767
2019-06-05T02:19:57.000Z,6.02,99.98,-32767
2019-06-06T02:54:59.000Z,6.02,99.98,-32767
2019-06-07T02:29:59.000Z,6.02,99.98,-32767
2019-06-08T02:44:57.000Z,6.02,99.98,-32767
2019-06-09T02:19:57.000Z,6.02,99.98,-32767
2019-06-10T02:34:58.000Z,6.02,99.98,-32767
2019-06-11T02:09:58.000Z,6.02,99.98,-32767
2019-06-12T02:49:57.000Z,6.02,99.98,-32767
2019-06-13T02:59:58.000Z,6.02,99.98,-32767
2019-06-14T02:39:58.000Z,6.02,99.98,-32767
2019-06-15T01:29:57.000Z,6.02,99.98,-32767
2019-06-16T02:24:58.000Z,6.02,99.98,-32767
2019-06-17T02:39:58.000Z,6.02,99.98,-32767
2019-06-18T02:04:59.000Z,6.02,99.98,-32767
2019-06-19T02:54:58.000Z,6.02,99.98,-32767
2019-06-20T01:49:58.000Z,6.02,99.98,-32767
2019-06-21T02:44:58.000Z,6.02,99.98,-32767
2019-06-22T01:39:58.000Z,6.02,99.98,-32767
2019-06-23T02:09:58.000Z,6.02,99.98,-32767
2019-06-24T02:44:57.000Z,6.02,99.98,-32767
2019-06-25T02:19:57.000Z,6.02,99.98,-32767
2019-06-26T02:34:58.000Z,6.02,99.98,-32767
2019-06-27T02:09:58.000Z,6.02,99.98,-32767
2019-06-28T02:49:57.000Z,6.02,99.98,-32767
2019-06-29T02:59:58.000Z,6.02,99.98,-32767
2019-07-05T02:54:58.000Z,6.02,99.98,-32767
2019-07-06T01:54:58.000Z,6.02,99.98,-32767
2019-07-07T02:44:58.000Z,6.02,99.98,0.39
2019-07-08T01:39:58.000Z,6.02,99.98,-32767
2019-07-09T02:09:58.000Z,6.02,99.98,-32767
2019-07-10T02:44:58.000Z,6.02,99.98,-32767
2019-07-11T02:19:58.000Z,6.02,99.98,-32767
2019-07-12T02:34:58.000Z,6.02,99.98,-32767
2019-07-13T02:09:58.000Z,6.02,99.98,-32767
2019-07-14T02:24:58.000Z,6.02,99.98,-32767
2019-07-15T02:59:58.000Z,6.02,99.98,-32767
2019-07-16T02:39:58.000Z,6.02,99.98,-32767
2019-07-17T02:49:58.000Z,6.02,99.98,-32767
2019-07-18T02:24:58.000Z,6.02,99.98,-32767
2019-07-19T02:39:58.000Z,6.02,99.98,-32767
2019-07-20T02:14:58.000Z,6.02,99.98,-32767
2019-07-21T02:54:58.000Z,6.02,99.98,-32767
2019-07-22T02:59:59.000Z,6.02,99.98,-32767
2019-07-23T02:44:58.000Z,6.02,99.98,-32767
2019-07-24T02:54:59.000Z,6.02,99.98,-32767
2019-07-25T02:09:58.000Z,6.02,99.98,-32767
2019-07-26T02:44:58.000Z,6.02,99.98,-32767
2019-07-27T02:04:58.000Z,6.02,99.98,-32767
2019-07-28T01:19:59.000Z,6.02,99.98,-32767
2019-07-29T02:04:58.000Z,6.02,99.98,-32767
2019-07-30T02:49:57.000Z,6.02,99.98,-32767
2019-07-31T02:59:58.000Z,6.02,99.98,-32767
2019-08-01T02:14:58.000Z,6.02,99.98,-32767
2019-08-03T02:19:58.000Z,6.02,99.98,-32767
2019-08-05T02:14:58.000Z,6.02,99.98,-32767
2019-08-07T02:59:59.000Z,6.02,99.98,-32767
2019-08-08T02:44:58.000Z,6.02,99.98,-32767
2019-08-09T02:54:57.000Z,6.02,99.98,-32767
2019-08-10T02:29:59.000Z,6.02,99.98,-32767
2019-08-11T02:44:58.000Z,6.02,99.98,-32767
2019-08-12T02:19:58.000Z,6.02,99.98,-32767
2019-08-13T02:59:59.000Z,6.02,99.98,-32767
2019-08-14T01:59:58.000Z,6.02,99.98,-32767
2019-08-15T02:49:57.000Z,6.02,99.98,-32767
2019-08-16T01:44:59.000Z,6.02,99.98,-32767
2019-08-17T02:14:58.000Z,6.02,99.98,-32767
2019-08-18T02:49:58.000Z,6.02,99.98,-32767
2019-08-19T02:09:59.000Z,6.02,99.98,-32767
2019-08-20T02:39:58.000Z,6.02,99.98,-32767
2019-08-21T02:14:58.000Z,6.02,99.98,-32767
2019-08-22T02:54:58.000Z,6.02,99.98,-32767
2019-08-23T02:59:59.000Z,6.02,99.98,-32767
2019-08-24T01:09:58.000Z,6.02,99.98,0.58
2019-08-25T02:54:57.000Z,6.02,99.98,-32767
2019-08-26T02:29:59.000Z,6.02,99.98,-32767
