DATE,LAT,LON,SST
2016-01-01T02:05:09.000Z,6.02,99.98,-32767
2016-01-02T02:30:09.000Z,6.02,99.98,28.82
2016-01-03T03:00:09.000Z,6.02,99.98,-32767
2016-01-04T02:20:09.000Z,6.02,99.98,29.67
2016-01-05T02:55:09.000Z,6.02,99.98,29.53
2016-01-06T02:10:08.000Z,6.02,99.98,30.04
2016-01-07T02:45:08.000Z,6.02,99.98,30.22
2016-01-08T02:05:08.000Z,6.02,99.98,-32767
2016-01-09T02:35:08.000Z,6.02,99.98,29.28
2016-01-10T03:00:08.000Z,6.02,99.98,30.31
2016-01-11T02:25:08.000Z,6.02,99.98,30.51
2016-01-12T03:00:08.000Z,6.02,99.98,30.31
2016-01-13T02:15:09.000Z,6.02,99.98,29.67
2016-01-14T02:50:08.000Z,6.02,99.98,28.19
2016-01-15T02:10:09.000Z,6.02,99.98,-32767
2016-01-16T02:40:09.000Z,6.02,99.98,-32767
2016-01-17T02:05:09.000Z,6.02,99.98,-32767
2016-01-18T02:30:09.000Z,6.02,99.98,-32767
2016-01-19T03:00:09.000Z,6.02,99.98,-32767
2016-01-20T02:20:08.000Z,6.02,99.98,31.01
2016-01-21T02:55:09.000Z,6.02,99.98,31.99
2016-01-22T02:10:08.000Z,6.02,99.98,31.93
2016-01-23T02:45:08.000Z,6.02,99.98,31.21
2016-01-24T02:05:08.000Z,6.02,99.98,-32767
2016-01-25T02:35:08.000Z,6.02,99.98,-32767
2016-01-26T03:00:08.000Z,6.02,99.98,-32767
2016-01-27T02:25:08.000Z,6.02,99.98,29.18
2016-01-28T03:00:08.000Z,6.02,99.98,-32767
2016-01-29T02:15:09.000Z,6.02,99.98,-32767
2016-01-30T02:50:08.000Z,6.02,99.98,29.5
2016-01-31T02:10:09.000Z,6.02,99.98,-32767
2016-02-01T02:40:09.000Z,6.02,99.98,29.7
2016-02-02T02:10:09.000Z,6.02,99.98,-32767
2016-02-03T02:30:08.000Z,6.02,99.98,29.61
2016-02-04T03:00:07.000Z,6.02,99.98,-32767
2016-02-05T02:20:08.000Z,6.02,99.98,-32767
2016-02-06T02:55:08.000Z,6.02,99.98,-32767
2016-02-07T02:10:08.000Z,6.02,99.98,-32767
2016-02-08T02:45:08.000Z,6.02,99.98,-32767
2016-02-09T02:15:08.000Z,6.02,99.98,-32767
2016-02-10T02:35:08.000Z,6.02,99.98,-32767
2016-02-11T03:00:08.000Z,6.02,99.98,-32767
2016-02-12T02:25:09.000Z,6.02,99.98,-32767
2016-02-13T03:00:08.000Z,6.02,99.98,-32767
2016-02-14T02:15:07.000Z,6.02,99.98,-32767
2016-02-15T02:50:09.000Z,6.02,99.98,30.42
2016-02-16T02:10:08.000Z,6.02,99.98,30.23
2016-02-17T02:40:07.000Z,6.02,99.98,30.99
2016-02-18T02:10:08.000Z,6.02,99.98,-32767
2016-02-19T02:30:08.000Z,6.02,99.98,-32767
2016-02-20T03:00:08.000Z,6.02,99.98,-32767
2016-02-21T02:20:08.000Z,6.02,99.98,29.94
2016-02-22T02:55:08.000Z,6.02,99.98,29.74
2016-02-23T02:10:08.000Z,6.02,99.98,30.26
2016-02-24T02:45:08.000Z,6.02,99.98,30.97
2016-02-25T02:15:08.000Z,6.02,99.98,-32767
2016-02-26T02:35:08.000Z,6.02,99.98,29.36
2016-02-27T03:00:08.000Z,6.02,99.98,30.32
2016-02-28T02:25:09.000Z,6.02,99.98,-32767
2016-02-29T03:00:08.000Z,6.02,99.98,-32767
2016-03-01T02:35:08.000Z,6.02,99.98,30.21
2016-03-02T02:50:09.000Z,6.02,99.98,30
2016-03-03T02:25:09.000Z,6.02,99.98,-32767
2016-03-04T02:40:08.000Z,6.02,99.98,30.08
2016-03-05T02:10:08.000Z,6.02,99.98,-32767
2016-03-06T02:55:09.000Z,6.02,99.98,30.66
2016-03-07T03:00:08.000Z,6.02,99.98,-32767
2016-03-08T02:45:09.000Z,6.02,99.98,31.72
2016-03-09T02:55:08.000Z,6.02,99.98,31.38
2016-03-10T02:30:08.000Z,6.02,99.98,30.64
2016-03-11T02:45:08.000Z,6.02,99.98,30.85
2016-03-12T02:20:08.000Z,6.02,99.98,-32767
2016-03-13T03:00:08.000Z,6.02,99.98,29.68
2016-03-14T03:00:08.000Z,6.02,99.98,-32767
2016-03-15T02:50:08.000Z,6.02,99.98,30.05
2016-03-16T03:00:08.000Z,6.02,99.98,-32767
2016-03-17T02:40:08.000Z,6.02,99.98,-32767
2016-03-18T02:50:09.000Z,6.02,99.98,29.34
2016-03-19T02:25:09.000Z,6.02,99.98,30.58
2016-03-20T02:40:08.000Z,6.02,99.98,31.17
2016-03-21T02:15:08.000Z,6.02,99.98,-32767
2016-03-22T03:00:08.000Z,6.02,99.98,-32767
2016-03-23T03:00:08.000Z,6.02,99.98,-32767
2016-03-24T02:45:09.000Z,6.02,99.98,-32767
2016-03-25T02:55:08.000Z,6.02,99.98,30.98
2016-03-26T02:35:08.000Z,6.02,99.98,-32767
2016-03-27T02:45:08.000Z,6.02,99.98,-32767
2016-03-28T02:20:08.000Z,6.02,99.98,-32767
2016-03-29T03:00:08.000Z,6.02,99.98,30.61
2016-03-30T03:00:08.000Z,6.02,99.98,-32767
2016-03-31T02:50:08.000Z,6.02,99.98,30.77
2016-04-01T03:00:08.000Z,6.02,99.98,31.49
2016-04-02T02:40:08.000Z,6.02,99.98,31.45
2016-04-03T02:50:09.000Z,6.02,99.98,-32767
2016-04-04T02:25:09.000Z,6.02,99.98,32.26
2016-04-05T02:40:09.000Z,6.02,99.98,30.97
2016-04-06T02:15:09.000Z,6.02,99.98,-32767
2016-04-07T03:00:08.000Z,6.02,99.98,-32767
2016-04-08T03:00:08.000Z,6.02,99.98,-32767
2016-04-09T02:45:09.000Z,6.02,99.98,32.38
2016-04-10T02:55:08.000Z,6.02,99.98,31.89
2016-04-11T02:35:08.000Z,6.02,99.98,32.54
2016-04-12T02:45:08.000Z,6.02,99.98,-32767
2016-04-13T02:20:08.000Z,6.02,99.98,-32767
2016-04-14T02:35:08.000Z,6.02,99.98,-32767
2016-04-15T03:00:08.000Z,6.02,99.98,-32767
2016-04-16T02:50:08.000Z,6.02,99.98,32.74
2016-04-17T03:00:08.000Z,6.02,99.98,32.99
2016-04-18T02:40:08.000Z,6.02,99.98,-32767
2016-04-19T02:50:09.000Z,6.02,99.98,-32767
2016-04-20T02:25:09.000Z,6.02,99.98,-32767
2016-04-21T02:40:09.000Z,6.02,99.98,32.98
2016-04-22T02:15:09.000Z,6.02,99.98,-32767
2016-04-23T03:00:08.000Z,6.02,99.98,32.56
2016-04-24T03:00:08.000Z,6.02,99.98,-32767
2016-04-25T02:45:09.000Z,6.02,99.98,-32767
2016-04-26T02:55:08.000Z,6.02,99.98,-32767
2016-04-27T02:35:08.000Z,6.02,99.98,-32767
2016-04-28T02:45:08.000Z,6.02,99.98,31.12
2016-04-29T02:20:08.000Z,6.02,99.98,-32767
2016-04-30T03:00:08.000Z,6.02,99.98,-32767
2016-05-01T02:10:08.000Z,6.02,99.98,-32767
2016-05-02T02:50:08.000Z,6.02,99.98,-32767
2016-05-03T03:00:08.000Z,6.02,99.98,-32767
2016-05-04T02:40:08.000Z,6.02,99.98,-32767
2016-05-05T02:50:09.000Z,6.02,99.98,-32767
2016-05-06T02:25:09.000Z,6.02,99.98,-32767
2016-05-07T02:40:09.000Z,6.02,99.98,-32767
2016-05-08T02:15:09.000Z,6.02,99.98,-32767
2016-05-09T03:00:08.000Z,6.02,99.98,-32767
2016-05-10T03:00:08.000Z,6.02,99.98,-32767
2016-05-11T02:45:09.000Z,6.02,99.98,32.9
2016-05-12T02:55:08.000Z,6.02,99.98,-32767
2016-05-13T02:35:08.000Z,6.02,99.98,-32767
2016-05-14T02:45:08.000Z,6.02,99.98,-32767
2016-05-15T02:20:08.000Z,6.02,99.98,-32767
2016-05-16T03:00:08.000Z,6.02,99.98,-32767
2016-05-17T02:10:08.000Z,6.02,99.98,-32767
2016-05-18T02:50:08.000Z,6.02,99.98,32.5
2016-05-19T03:00:08.000Z,6.02,99.98,31.91
2016-05-20T02:40:08.000Z,6.02,99.98,-32767
2016-05-21T02:50:09.000Z,6.02,99.98,-32767
2016-05-22T02:25:09.000Z,6.02,99.98,-32767
2016-05-23T02:40:09.000Z,6.02,99.98,-32767
2016-05-24T02:15:09.000Z,6.02,99.98,-32767
2016-05-25T02:55:08.000Z,6.02,99.98,-32767
2016-05-26T03:00:08.000Z,6.02,99.98,-32767
2016-05-27T02:45:09.000Z,6.02,99.98,-32767
2016-05-28T02:55:08.000Z,6.02,99.98,-32767
2016-05-29T02:30:08.000Z,6.02,99.98,-32767
2016-05-30T02:45:08.000Z,6.02,99.98,-32767
2016-05-31T02:20:08.000Z,6.02,99.98,-32767
2016-06-01T03:00:08.000Z,6.02,99.98,32.49
2016-06-02T02:10:08.000Z,6.02,99.98,-32767
2016-06-03T02:50:08.000Z,6.02,99.98,-32767
2016-06-04T03:00:08.000Z,6.02,99.98,-32767
2016-06-05T02:40:08.000Z,6.02,99.98,33.67
2016-06-06T02:50:09.000Z,6.02,99.98,32.83
2016-06-07T02:25:09.000Z,6.02,99.98,-32767
2016-06-08T02:40:09.000Z,6.02,99.98,-32767
2016-06-09T02:15:09.000Z,6.02,99.98,-32767
2016-06-10T02:55:08.000Z,6.02,99.98,32.18
2016-06-11T03:00:08.000Z,6.02,99.98,30.72
2016-06-12T02:45:09.000Z,6.02,99.98,-32767
2016-06-13T02:55:08.000Z,6.02,99.98,-32767
2016-06-14T02:30:08.000Z,6.02,99.98,-32767
2016-06-15T02:45:08.000Z,6.02,99.98,-32767
2016-06-16T02:20:08.000Z,6.02,99.98,-32767
2016-06-17T03:00:08.000Z,6.02,99.98,-32767
2016-06-18T02:10:08.000Z,6.02,99.98,-32767
2016-06-19T02:50:08.000Z,6.02,99.98,-32767
2016-06-20T03:00:08.000Z,6.02,99.98,-32767
2016-06-21T02:40:08.000Z,6.02,99.98,-32767
2016-06-22T02:50:09.000Z,6.02,99.98,-32767
2016-06-23T02:25:09.000Z,6.02,99.98,-32767
2016-06-24T02:40:09.000Z,6.02,99.98,-32767
2016-06-25T02:15:09.000Z,6.02,99.98,-32767
2016-06-26T02:55:08.000Z,6.02,99.98,-32767
2016-06-27T03:00:07.000Z,6.02,99.98,-32767
2016-06-28T02:45:09.000Z,6.02,99.98,-32767
2016-06-29T02:55:08.000Z,6.02,99.98,-32767
2016-06-30T02:30:08.000Z,6.02,99.98,-32767
2016-07-01T02:45:08.000Z,6.02,99.98,-32767
2016-07-02T02:20:08.000Z,6.02,99.98,-32767
2016-07-03T03:00:07.000Z,6.02,99.98,32.1
2016-07-04T02:05:08.000Z,6.02,99.98,31.88
2016-07-05T02:50:08.000Z,6.02,99.98,31.24
2016-07-06T03:00:08.000Z,6.02,99.98,-32767
2016-07-07T02:40:08.000Z,6.02,99.98,-32767
2016-07-08T02:50:08.000Z,6.02,99.98,-32767
2016-07-09T02:25:08.000Z,6.02,99.98,-32767
2016-07-10T02:40:09.000Z,6.02,99.98,-32767
2016-07-11T02:15:09.000Z,6.02,99.98,-32767
2016-07-12T02:55:08.000Z,6.02,99.98,-32767
2016-07-13T03:00:09.000Z,6.02,99.98,-32767
2016-07-14T02:45:09.000Z,6.02,99.98,-32767
2016-07-15T02:55:08.000Z,6.02,99.98,-32767
2016-07-16T02:30:08.000Z,6.02,99.98,-32767
2016-07-17T02:45:08.000Z,6.02,99.98,29.98
2016-07-18T02:20:08.000Z,6.02,99.98,-32767
2016-07-19T03:00:09.000Z,6.02,99.98,-32767
2016-07-20T02:05:08.000Z,6.02,99.98,-32767
2016-07-21T02:50:08.000Z,6.02,99.98,-32767
2016-07-22T03:00:08.000Z,6.02,99.98,-32767
2016-07-23T02:40:08.000Z,6.02,99.98,-32767
2016-07-24T02:50:08.000Z,6.02,99.98,30.36
2016-07-25T02:25:08.000Z,6.02,99.98,-32767
2016-07-26T02:40:09.000Z,6.02,99.98,-32767
2016-07-27T02:15:09.000Z,6.02,99.98,-32767
2016-07-28T02:55:08.000Z,6.02,99.98,-32767
2016-07-29T03:00:09.000Z,6.02,99.98,30.91
2016-07-30T02:45:08.000Z,6.02,99.98,-32767
2016-07-31T02:55:07.000Z,6.02,99.98,32.39
2016-08-01T02:30:07.000Z,6.02,99.98,-32767
2016-08-02T02:45:08.000Z,6.02,99.98,30.56
2016-08-03T02:20:08.000Z,6.02,99.98,-32767
2016-08-04T03:00:09.000Z,6.02,99.98,-32767
2016-08-05T02:05:08.000Z,6.02,99.98,-32767
2016-08-06T02:50:08.000Z,6.02,99.98,-32767
2016-08-07T03:00:08.000Z,6.02,99.98,-32767
2016-08-08T02:40:08.000Z,6.02,99.98,-32767
2016-08-09T02:50:08.000Z,6.02,99.98,-32767
2016-08-10T02:25:08.000Z,6.02,99.98,-32767
2016-08-11T02:40:09.000Z,6.02,99.98,-32767
2016-08-12T02:15:09.000Z,6.02,99.98,-32767
2016-08-13T02:55:08.000Z,6.02,99.98,-32767
2016-08-14T03:00:09.000Z,6.02,99.98,-32767
2016-08-15T02:45:08.000Z,6.02,99.98,-32767
2016-08-16T02:55:09.000Z,6.02,99.98,-32767
2016-08-17T02:30:09.000Z,6.02,99.98,-32767
2016-08-18T02:45:08.000Z,6.02,99.98,-32767
2016-08-19T02:20:08.000Z,6.02,99.98,-32767
2016-08-20T03:00:09.000Z,6.02,99.98,-32767
2016-08-21T03:00:08.000Z,6.02,99.98,-32767
2016-08-22T02:50:09.000Z,6.02,99.98,-32767
2016-08-23T03:00:08.000Z,6.02,99.98,-32767
2016-08-24T02:40:08.000Z,6.02,99.98,-32767
2016-08-25T02:50:08.000Z,6.02,99.98,-32767
2016-08-26T02:25:08.000Z,6.02,99.98,-32767
2016-08-27T02:40:08.000Z,6.02,99.98,-32767
2016-08-28T02:15:08.000Z,6.02,99.98,-32767
2016-08-29T02:55:08.000Z,6.02,99.98,-32767
2016-08-30T03:00:09.000Z,6.02,99.98,-32767
2016-08-31T02:45:08.000Z,6.02,99.98,-32767
2016-09-01T02:55:09.000Z,6.02,99.98,-32767
2016-09-02T02:30:09.000Z,6.02,99.98,-32767
2016-09-03T02:45:08.000Z,6.02,99.98,-32767
2016-09-04T02:20:09.000Z,6.02,99.98,-32767
2016-09-05T03:00:09.000Z,6.02,99.98,-32767
2016-09-06T03:00:08.000Z,6.02,99.98,-32767
2016-09-07T02:50:09.000Z,6.02,99.98,-32767
2016-09-08T03:00:08.000Z,6.02,99.98,-32767
2016-09-09T02:40:08.000Z,6.02,99.98,31.29
2016-09-10T02:50:08.000Z,6.02,99.98,-32767
2016-09-11T02:25:08.000Z,6.02,99.98,30.4
2016-09-12T02:40:08.000Z,6.02,99.98,-32767
2016-09-13T02:15:08.000Z,6.02,99.98,-32767
2016-09-14T02:55:08.000Z,6.02,99.98,-32767
2016-09-15T03:00:08.000Z,6.02,99.98,-32767
2016-09-16T02:45:08.000Z,6.02,99.98,32.11
2016-09-17T02:55:09.000Z,6.02,99.98,-32767
2016-09-18T02:30:09.000Z,6.02,99.98,-32767
2016-09-19T02:40:08.000Z,6.02,99.98,-32767
2016-09-20T02:20:09.000Z,6.02,99.98,-32767
2016-09-21T03:00:08.000Z,6.02,99.98,-32767
2016-09-22T03:00:08.000Z,6.02,99.98,-32767
2016-09-23T02:50:09.000Z,6.02,99.98,-32767
2016-09-24T03:00:08.000Z,6.02,99.98,-32767
2016-09-25T02:40:09.000Z,6.02,99.98,30.5
2016-09-26T02:45:08.000Z,6.02,99.98,30.65
2016-09-27T02:25:08.000Z,6.02,99.98,-32767
2016-09-28T02:40:08.000Z,6.02,99.98,-32767
2016-09-29T02:10:08.000Z,6.02,99.98,-32767
2016-09-30T02:55:08.000Z,6.02,99.98,-32767
2016-10-01T03:00:08.000Z,6.02,99.98,-32767
2016-10-02T02:45:08.000Z,6.02,99.98,30.97
2016-10-03T02:55:09.000Z,6.02,99.98,29.88
2016-10-04T02:30:09.000Z,6.02,99.98,-32767
2016-10-05T02:40:09.000Z,6.02,99.98,-32767
2016-10-06T02:20:09.000Z,6.02,99.98,-32767
2016-10-07T02:35:08.000Z,6.02,99.98,-32767
2016-10-08T03:00:08.000Z,6.02,99.98,-32767
2016-10-09T02:25:08.000Z,6.02,99.98,29.84
2016-10-10T03:00:08.000Z,6.02,99.98,-32767
2016-10-11T02:35:08.000Z,6.02,99.98,-32767
2016-10-12T02:50:08.000Z,6.02,99.98,29.86
2016-10-13T02:25:08.000Z,6.02,99.98,-32767
2016-10-14T02:40:08.000Z,6.02,99.98,-32767
2016-10-15T02:10:08.000Z,6.02,99.98,-32767
2016-10-16T02:30:09.000Z,6.02,99.98,-32767
2016-10-17T03:00:08.000Z,6.02,99.98,-32767
2016-10-18T02:20:09.000Z,6.02,99.98,-32767
2016-10-19T02:55:09.000Z,6.02,99.98,-32767
2016-10-20T02:10:08.000Z,6.02,99.98,-32767
2016-10-21T02:40:08.000Z,6.02,99.98,-32767
2016-10-22T02:15:08.000Z,6.02,99.98,-32767
2016-10-23T02:35:08.000Z,6.02,99.98,-32767
2016-10-24T03:00:08.000Z,6.02,99.98,-32767
2016-10-25T02:25:08.000Z,6.02,99.98,-32767
2016-10-26T03:00:08.000Z,6.02,99.98,-32767
2016-10-27T02:15:08.000Z,6.02,99.98,-32767
2016-10-28T02:50:08.000Z,6.02,99.98,-32767
2016-10-29T02:10:09.000Z,6.02,99.98,-32767
2016-10-30T02:40:08.000Z,6.02,99.98,29.49
2016-10-31T02:10:09.000Z,6.02,99.98,-32767
2016-11-01T02:30:09.000Z,6.02,99.98,-32767
2016-11-02T03:00:09.000Z,6.02,99.98,-32767
2016-11-03T02:20:08.000Z,6.02,99.98,30.39
2016-11-04T02:55:09.000Z,6.02,99.98,-32767
2016-11-05T02:10:08.000Z,6.02,99.98,-32767
2016-11-06T02:45:08.000Z,6.02,99.98,-32767
2016-11-07T02:05:08.000Z,6.02,99.98,-32767
2016-11-08T02:35:08.000Z,6.02,99.98,-32767
2016-11-09T03:00:08.000Z,6.02,99.98,-32767
2016-11-10T02:25:08.000Z,6.02,99.98,-32767
2016-11-11T03:00:08.000Z,6.02,99.98,29.23
2016-11-12T02:15:09.000Z,6.02,99.98,-32767
2016-11-13T02:50:08.000Z,6.02,99.98,-32767
2016-11-14T02:10:09.000Z,6.02,99.98,-32767
2016-11-15T02:40:09.000Z,6.02,99.98,-32767
2016-11-16T02:05:09.000Z,6.02,99.98,-32767
2016-11-17T02:30:09.000Z,6.02,99.98,-32767
2016-11-18T03:00:09.000Z,6.02,99.98,-32767
2016-11-19T02:20:08.000Z,6.02,99.98,-32767
2016-11-20T02:55:09.000Z,6.02,99.98,30.35
2016-11-21T02:10:08.000Z,6.02,99.98,-32767
2016-11-22T02:45:08.000Z,6.02,99.98,-32767
2016-11-23T02:05:08.000Z,6.02,99.98,-32767
2016-11-24T02:35:08.000Z,6.02,99.98,-32767
2016-11-25T03:00:08.000Z,6.02,99.98,-32767
2016-11-26T02:25:08.000Z,6.02,99.98,-32767
2016-11-27T03:00:08.000Z,6.02,99.98,-32767
2016-11-28T02:15:09.000Z,6.02,99.98,-32767
2016-11-29T02:50:08.000Z,6.02,99.98,-32767
2016-11-30T02:10:09.000Z,6.02,99.98,-32767
2016-12-01T02:40:09.000Z,6.02,99.98,-32767
2016-12-02T02:05:08.000Z,6.02,99.98,-32767
2016-12-03T02:30:08.000Z,6.02,99.98,-32767
2016-12-04T03:00:09.000Z,6.02,99.98,-32767
2016-12-05T02:20:08.000Z,6.02,99.98,-32767
2016-12-06T02:55:08.000Z,6.02,99.98,-32767
2016-12-07T02:10:08.000Z,6.02,99.98,-32767
2016-12-08T02:45:08.000Z,6.02,99.98,30.14
2016-12-09T02:05:08.000Z,6.02,99.98,-32767
2016-12-10T02:35:08.000Z,6.02,99.98,-32767
2016-12-11T03:00:08.000Z,6.02,99.98,-32767
2016-12-12T02:25:09.000Z,6.02,99.98,-32767
2016-12-13T03:00:08.000Z,6.02,99.98,-32767
2016-12-14T02:15:09.000Z,6.02,99.98,-32767
2016-12-15T02:50:09.000Z,6.02,99.98,-32767
2016-12-16T02:10:08.000Z,6.02,99.98,29.52
2016-12-17T02:40:08.000Z,6.02,99.98,-32767
2016-12-18T02:05:08.000Z,6.02,99.98,-32767
2016-12-19T02:30:08.000Z,6.02,99.98,-32767
2016-12-20T03:00:08.000Z,6.02,99.98,-32767
2016-12-21T02:20:08.000Z,6.02,99.98,-32767
2016-12-22T02:55:08.000Z,6.02,99.98,-32767
2016-12-23T02:10:09.000Z,6.02,99.98,28.64
2016-12-24T02:45:08.000Z,6.02,99.98,-32767
2016-12-25T02:05:09.000Z,6.02,99.98,-32767
2016-12-26T02:35:09.000Z,6.02,99.98,-32767
2016-12-27T03:00:09.000Z,6.02,99.98,-32767
2016-12-28T02:25:09.000Z,6.02,99.98,-32767
2016-12-29T03:00:09.000Z,6.02,99.98,-32767
2016-12-30T02:15:08.000Z,6.02,99.98,-32767
2016-12-31T02:50:09.000Z,6.02,99.98,-32767
2017-01-01T02:10:09.000Z,6.02,99.98,-32767
2017-01-02T02:40:09.000Z,6.02,99.98,-32767
2017-01-03T02:05:10.000Z,6.02,99.98,-32767
2017-01-04T02:30:10.000Z,6.02,99.98,-32767
2017-01-05T03:00:10.000Z,6.02,99.98,-32767
2017-01-06T02:20:10.000Z,6.02,99.98,-32767
2017-01-07T02:55:10.000Z,6.02,99.98,-32767
2017-01-08T02:10:09.000Z,6.02,99.98,-32767
2017-01-09T02:45:09.000Z,6.02,99.98,-32767
2017-01-10T02:05:09.000Z,6.02,99.98,-32767
2017-01-11T02:35:09.000Z,6.02,99.98,-32767
2017-01-12T03:00:09.000Z,6.02,99.98,-32767
2017-01-13T02:25:09.000Z,6.02,99.98,29.86
2017-01-14T03:00:09.000Z,6.02,99.98,-32767
2017-01-15T02:15:09.000Z,6.02,99.98,30.5
2017-01-16T02:50:09.000Z,6.02,99.98,30.49
2017-01-17T02:10:10.000Z,6.02,99.98,-32767
2017-01-18T02:40:10.000Z,6.02,99.98,-32767
2017-01-19T02:05:10.000Z,6.02,99.98,-32767
2017-01-20T02:30:10.000Z,6.02,99.98,-32767
2017-01-21T03:00:10.000Z,6.02,99.98,-32767
2017-01-22T02:20:09.000Z,6.02,99.98,-32767
2017-01-23T02:55:08.000Z,6.02,99.98,-32767
2017-01-24T02:10:09.000Z,6.02,99.98,-32767
2017-01-25T02:45:09.000Z,6.02,99.98,-32767
2017-01-26T02:05:09.000Z,6.02,99.98,-32767
2017-01-27T02:35:09.000Z,6.02,99.98,29.82
2017-01-28T03:00:09.000Z,6.02,99.98,-32767
2017-01-29T02:25:09.000Z,6.02,99.98,-32767
2017-01-30T03:00:09.000Z,6.02,99.98,29.8
2017-01-31T02:15:10.000Z,6.02,99.98,-32767
2017-02-01T02:50:09.000Z,6.02,99.98,-32767
2017-02-02T02:10:10.000Z,6.02,99.98,29.38
2017-02-03T02:40:10.000Z,6.02,99.98,-32767
2017-02-04T02:10:10.000Z,6.02,99.98,-32767
2017-02-05T02:30:09.000Z,6.02,99.98,30.03
2017-02-06T03:00:10.000Z,6.02,99.98,-32767
2017-02-07T02:20:09.000Z,6.02,99.98,-32767
2017-02-08T02:55:09.000Z,6.02,99.98,29.49
2017-02-09T02:10:09.000Z,6.02,99.98,-32767
2017-02-10T02:45:09.000Z,6.02,99.98,30.3
2017-02-11T02:15:09.000Z,6.02,99.98,-32767
2017-02-12T02:35:09.000Z,6.02,99.98,-32767
2017-02-13T03:00:09.000Z,6.02,99.98,29
2017-02-14T02:25:10.000Z,6.02,99.98,29.05
2017-02-15T03:00:09.000Z,6.02,99.98,-32767
2017-02-16T02:15:10.000Z,6.02,99.98,28.74
2017-02-17T02:50:10.000Z,6.02,99.98,29.41
2017-02-18T02:20:10.000Z,6.02,99.98,29.85
2017-02-19T02:40:10.000Z,6.02,99.98,-32767
2017-02-20T02:10:10.000Z,6.02,99.98,-32767
2017-02-21T02:30:09.000Z,6.02,99.98,-32767
2017-02-22T03:00:10.000Z,6.02,99.98,-32767
2017-02-23T02:20:09.000Z,6.02,99.98,-32767
2017-02-24T02:55:09.000Z,6.02,99.98,-32767
2017-02-25T02:30:09.000Z,6.02,99.98,30.98
2017-02-26T02:45:09.000Z,6.02,99.98,-32767
2017-02-27T02:15:09.000Z,6.02,99.98,-32767
2017-02-28T02:35:09.000Z,6.02,99.98,-32767
2017-03-01T03:00:09.000Z,6.02,99.98,-32767
2017-03-02T02:25:10.000Z,6.02,99.98,-32767
2017-03-03T03:00:09.000Z,6.02,99.98,29.67
2017-03-04T02:35:09.000Z,6.02,99.98,30.89
2017-03-05T02:50:10.000Z,6.02,99.98,-32767
2017-03-06T02:25:10.000Z,6.02,99.98,-32767
2017-03-07T02:40:10.000Z,6.02,99.98,-32767
2017-03-08T02:10:10.000Z,6.02,99.98,-32767
2017-03-09T02:55:09.000Z,6.02,99.98,31.48
2017-03-10T03:00:09.000Z,6.02,99.98,31.56
2017-03-11T02:45:10.000Z,6.02,99.98,31.17
2017-03-12T02:55:09.000Z,6.02,99.98,31.04
2017-03-13T02:30:09.000Z,6.02,99.98,30.42
2017-03-14T02:45:09.000Z,6.02,99.98,31.66
2017-03-15T02:20:09.000Z,6.02,99.98,-32767
2017-03-16T03:00:10.000Z,6.02,99.98,-32767
2017-03-17T03:00:09.000Z,6.02,99.98,-32767
2017-03-18T02:50:09.000Z,6.02,99.98,-32767
2017-03-19T03:00:09.000Z,6.02,99.98,-32767
2017-03-20T02:40:09.000Z,6.02,99.98,-32767
2017-03-21T02:50:10.000Z,6.02,99.98,-32767
2017-03-22T02:25:10.000Z,6.02,99.98,-32767
2017-03-23T02:40:10.000Z,6.02,99.98,31.37
2017-03-24T02:15:10.000Z,6.02,99.98,-32767
2017-03-25T03:00:09.000Z,6.02,99.98,-32767
2017-03-26T03:00:10.000Z,6.02,99.98,33.67
2017-03-27T02:45:10.000Z,6.02,99.98,31.8
2017-03-28T02:55:09.000Z,6.02,99.98,-32767
2017-03-29T02:35:10.000Z,6.02,99.98,-32767
2017-03-30T02:45:09.000Z,6.02,99.98,-32767
2017-03-31T02:20:09.000Z,6.02,99.98,-32767
2017-04-01T03:00:10.000Z,6.02,99.98,30.78
2017-04-02T03:00:09.000Z,6.02,99.98,-32767
2017-04-03T02:50:09.000Z,6.02,99.98,-32767
2017-04-04T03:00:09.000Z,6.02,99.98,-32767
2017-04-05T02:40:09.000Z,6.02,99.98,-32767
2017-04-06T02:50:10.000Z,6.02,99.98,-32767
2017-04-07T02:25:10.000Z,6.02,99.98,29.61
2017-04-08T02:40:10.000Z,6.02,99.98,-32767
2017-04-09T02:15:10.000Z,6.02,99.98,-32767
2017-04-10T02:55:09.000Z,6.02,99.98,31.01
2017-04-11T03:00:10.000Z,6.02,99.98,-32767
2017-04-12T02:45:10.000Z,6.02,99.98,-32767
2017-04-13T02:55:09.000Z,6.02,99.98,-32767
2017-04-14T02:35:10.000Z,6.02,99.98,-32767
2017-04-15T02:45:09.000Z,6.02,99.98,31.05
2017-04-16T02:20:09.000Z,6.02,99.98,-32767
2017-04-17T03:00:10.000Z,6.02,99.98,31.81
2017-04-18T03:00:09.000Z,6.02,99.98,-32767
2017-04-19T02:50:09.000Z,6.02,99.98,32.76
2017-04-20T03:00:09.000Z,6.02,99.98,-32767
2017-04-21T02:40:09.000Z,6.02,99.98,31.22
2017-04-22T02:50:10.000Z,6.02,99.98,-32767
2017-04-23T02:25:09.000Z,6.02,99.98,-32767
2017-04-24T02:40:10.000Z,6.02,99.98,-32767
2017-04-25T02:15:10.000Z,6.02,99.98,-32767
2017-04-26T02:55:09.000Z,6.02,99.98,31.65
2017-04-27T03:00:10.000Z,6.02,99.98,-32767
2017-04-28T02:45:10.000Z,6.02,99.98,-32767
2017-04-29T02:55:09.000Z,6.02,99.98,-32767
2017-04-30T02:30:09.000Z,6.02,99.98,-32767
2017-05-01T02:45:09.000Z,6.02,99.98,31.65
2017-05-02T02:20:09.000Z,6.02,99.98,-32767
2017-05-03T03:00:10.000Z,6.02,99.98,30.93
2017-05-04T02:10:09.000Z,6.02,99.98,-32767
2017-05-05T02:50:09.000Z,6.02,99.98,-32767
2017-05-06T03:00:09.000Z,6.02,99.98,-32767
2017-05-07T02:40:09.000Z,6.02,99.98,-32767
2017-05-08T02:50:10.000Z,6.02,99.98,31.86
2017-05-09T02:25:09.000Z,6.02,99.98,-32767
2017-05-10T02:40:10.000Z,6.02,99.98,-32767
2017-05-11T02:15:10.000Z,6.02,99.98,-32767
2017-05-12T02:55:09.000Z,6.02,99.98,-32767
2017-05-13T03:00:10.000Z,6.02,99.98,-32767
2017-05-14T02:45:10.000Z,6.02,99.98,-32767
2017-05-15T02:55:09.000Z,6.02,99.98,-32767
2017-05-16T02:30:09.000Z,6.02,99.98,-32767
2017-05-17T02:45:09.000Z,6.02,99.98,-32767
2017-05-18T02:20:09.000Z,6.02,99.98,-32767
2017-05-19T03:00:09.000Z,6.02,99.98,-32767
2017-05-20T02:10:09.000Z,6.02,99.98,-32767
2017-05-21T02:50:09.000Z,6.02,99.98,-32767
2017-05-22T03:00:09.000Z,6.02,99.98,-32767
2017-05-23T02:40:09.000Z,6.02,99.98,-32767
2017-05-24T02:50:10.000Z,6.02,99.98,-32767
2017-05-25T02:25:10.000Z,6.02,99.98,-32767
2017-05-26T02:40:10.000Z,6.02,99.98,-32767
2017-05-27T02:15:10.000Z,6.02,99.98,-32767
2017-05-28T02:55:09.000Z,6.02,99.98,-32767
2017-05-29T03:00:09.000Z,6.02,99.98,-32767
2017-05-30T02:45:10.000Z,6.02,99.98,-32767
2017-05-31T02:55:09.000Z,6.02,99.98,-32767
2017-06-01T02:30:09.000Z,6.02,99.98,-32767
2017-06-02T02:45:09.000Z,6.02,99.98,28.91
2017-06-03T02:20:09.000Z,6.02,99.98,-32767
2017-06-04T03:00:09.000Z,6.02,99.98,-32767
2017-06-05T02:10:09.000Z,6.02,99.98,-32767
2017-06-06T02:50:09.000Z,6.02,99.98,-32767
2017-06-07T03:00:09.000Z,6.02,99.98,-32767
2017-06-08T02:40:09.000Z,6.02,99.98,-32767
2017-06-09T02:50:10.000Z,6.02,99.98,32.29
2017-06-10T02:25:10.000Z,6.02,99.98,-32767
2017-06-11T02:40:10.000Z,6.02,99.98,-32767
2017-06-12T02:15:10.000Z,6.02,99.98,-32767
2017-06-13T02:55:09.000Z,6.02,99.98,31.97
2017-06-14T03:00:09.000Z,6.02,99.98,-32767
2017-06-15T02:45:10.000Z,6.02,99.98,-32767
2017-06-16T02:55:09.000Z,6.02,99.98,31.78
2017-06-17T02:30:09.000Z,6.02,99.98,31.59
2017-06-18T02:45:09.000Z,6.02,99.98,-32767
2017-06-19T02:20:09.000Z,6.02,99.98,-32767
2017-06-20T03:00:09.000Z,6.02,99.98,-32767
2017-06-21T02:05:09.000Z,6.02,99.98,-32767
2017-06-22T02:50:09.000Z,6.02,99.98,-32767
2017-06-23T03:00:09.000Z,6.02,99.98,-32767
2017-06-24T02:40:09.000Z,6.02,99.98,-32767
2017-06-25T02:50:10.000Z,6.02,99.98,-32767
2017-06-26T02:25:10.000Z,6.02,99.98,-32767
2017-06-27T02:40:10.000Z,6.02,99.98,-32767
2017-06-28T02:15:10.000Z,6.02,99.98,-32767
2017-06-29T02:55:09.000Z,6.02,99.98,-32767
2017-06-30T03:00:09.000Z,6.02,99.98,-32767
2017-07-01T02:45:10.000Z,6.02,99.98,-32767
2017-07-02T02:55:09.000Z,6.02,99.98,-32767
2017-07-03T02:30:09.000Z,6.02,99.98,-32767
2017-07-04T02:45:09.000Z,6.02,99.98,29.39
2017-07-05T02:20:09.000Z,6.02,99.98,-32767
2017-07-06T03:00:09.000Z,6.02,99.98,31.06
2017-07-07T02:05:09.000Z,6.02,99.98,-32767
2017-07-08T02:50:09.000Z,6.02,99.98,-32767
2017-07-09T03:00:09.000Z,6.02,99.98,-32767
2017-07-10T02:40:09.000Z,6.02,99.98,32.86
2017-07-11T02:50:10.000Z,6.02,99.98,-32767
2017-07-12T02:25:10.000Z,6.02,99.98,-32767
2017-07-13T02:40:10.000Z,6.02,99.98,-32767
2017-07-14T02:15:10.000Z,6.02,99.98,-32767
2017-07-15T02:55:09.000Z,6.02,99.98,-32767
2017-07-16T03:00:08.000Z,6.02,99.98,-32767
2017-07-17T02:45:10.000Z,6.02,99.98,-32767
2017-07-18T02:55:09.000Z,6.02,99.98,-32767
2017-07-19T02:30:09.000Z,6.02,99.98,-32767
2017-07-20T02:45:09.000Z,6.02,99.98,-32767
2017-07-21T02:20:09.000Z,6.02,99.98,-32767
2017-07-22T03:00:10.000Z,6.02,99.98,-32767
2017-07-23T02:05:09.000Z,6.02,99.98,-32767
2017-07-24T02:50:09.000Z,6.02,99.98,-32767
2017-07-25T03:00:09.000Z,6.02,99.98,31.19
2017-07-26T02:40:09.000Z,6.02,99.98,-32767
2017-07-27T02:50:09.000Z,6.02,99.98,-32767
2017-07-28T02:25:09.000Z,6.02,99.98,-32767
2017-07-29T02:40:10.000Z,6.02,99.98,-32767
2017-07-30T02:15:10.000Z,6.02,99.98,-32767
2017-07-31T02:55:09.000Z,6.02,99.98,-32767
2017-08-01T03:00:10.000Z,6.02,99.98,-32767
2017-08-02T02:45:10.000Z,6.02,99.98,28.92
2017-08-03T02:55:09.000Z,6.02,99.98,-32767
2017-08-04T02:30:10.000Z,6.02,99.98,-32767
2017-08-05T02:45:09.000Z,6.02,99.98,-32767
2017-08-06T02:20:09.000Z,6.02,99.98,-32767
2017-08-07T03:00:10.000Z,6.02,99.98,-32767
2017-08-08T03:00:09.000Z,6.02,99.98,-32767
2017-08-09T02:50:09.000Z,6.02,99.98,-32767
2017-08-10T03:00:09.000Z,6.02,99.98,-32767
2017-08-11T02:40:09.000Z,6.02,99.98,31.64
2017-08-12T02:50:09.000Z,6.02,99.98,-32767
2017-08-13T02:25:09.000Z,6.02,99.98,-32767
2017-08-14T02:40:10.000Z,6.02,99.98,-32767
2017-08-15T02:15:10.000Z,6.02,99.98,-32767
2017-08-16T02:55:09.000Z,6.02,99.98,-32767
2017-08-17T03:00:10.000Z,6.02,99.98,-32767
2017-08-18T02:45:09.000Z,6.02,99.98,-32767
2017-08-19T02:55:10.000Z,6.02,99.98,-32767
2017-08-20T02:30:10.000Z,6.02,99.98,-32767
2017-08-21T02:45:09.000Z,6.02,99.98,-32767
2017-08-22T02:20:09.000Z,6.02,99.98,-32767
2017-08-23T03:00:10.000Z,6.02,99.98,-32767
2017-08-24T03:00:09.000Z,6.02,99.98,-32767
2017-08-25T02:50:09.000Z,6.02,99.98,-32767
2017-08-26T03:00:09.000Z,6.02,99.98,-32767
2017-08-27T02:40:09.000Z,6.02,99.98,-32767
2017-08-28T02:50:09.000Z,6.02,99.98,-32767
2017-08-29T02:25:09.000Z,6.02,99.98,-32767
2017-08-30T02:40:10.000Z,6.02,99.98,-32767
2017-08-31T02:15:10.000Z,6.02,99.98,-32767
2017-09-01T02:55:09.000Z,6.02,99.98,-32767
2017-09-02T03:00:10.000Z,6.02,99.98,30.4
2017-09-03T02:45:09.000Z,6.02,99.98,31.87
2017-09-04T02:55:10.000Z,6.02,99.98,30.43
2017-09-05T02:30:10.000Z,6.02,99.98,-32767
2017-09-06T02:45:09.000Z,6.02,99.98,-32767
2017-09-07T02:20:09.000Z,6.02,99.98,-32767
2017-09-08T03:00:10.000Z,6.02,99.98,-32767
2017-09-09T03:00:09.000Z,6.02,99.98,-32767
2017-09-10T02:50:10.000Z,6.02,99.98,-32767
2017-09-11T03:00:09.000Z,6.02,99.98,-32767
2017-09-12T02:40:09.000Z,6.02,99.98,-32767
2017-09-13T02:50:09.000Z,6.02,99.98,32.64
2017-09-14T02:25:09.000Z,6.02,99.98,-32767
2017-09-15T02:40:10.000Z,6.02,99.98,-32767
2017-09-16T02:15:10.000Z,6.02,99.98,-32767
2017-09-17T02:55:09.000Z,6.02,99.98,-32767
2017-09-18T03:00:10.000Z,6.02,99.98,-32767
2017-09-19T02:45:09.000Z,6.02,99.98,-32767
2017-09-20T02:55:10.000Z,6.02,99.98,-32767
2017-09-21T02:30:10.000Z,6.02,99.98,-32767
2017-09-22T02:45:09.000Z,6.02,99.98,-32767
2017-09-23T02:20:09.000Z,6.02,99.98,-32767
2017-09-24T03:00:10.000Z,6.02,99.98,-32767
2017-09-25T03:00:09.000Z,6.02,99.98,-32767
2017-09-26T02:50:10.000Z,6.02,99.98,-32767
2017-09-27T03:00:09.000Z,6.02,99.98,-32767
2017-09-28T02:40:09.000Z,6.02,99.98,-32767
2017-09-29T02:50:09.000Z,6.02,99.98,-32767
2017-09-30T02:25:09.000Z,6.02,99.98,-32767
2017-10-01T02:40:10.000Z,6.02,99.98,-32767
2017-10-02T02:10:10.000Z,6.02,99.98,-32767
2017-10-03T02:55:09.000Z,6.02,99.98,-32767
2017-10-04T03:00:10.000Z,6.02,99.98,-32767
2017-10-05T02:45:09.000Z,6.02,99.98,-32767
2017-10-06T02:55:10.000Z,6.02,99.98,30.75
2017-10-07T02:30:10.000Z,6.02,99.98,30.1
2017-10-08T02:45:09.000Z,6.02,99.98,-32767
2017-10-09T02:20:09.000Z,6.02,99.98,-32767
2017-10-10T02:35:09.000Z,6.02,99.98,-32767
2017-10-11T03:00:09.000Z,6.02,99.98,-32767
2017-10-12T02:25:09.000Z,6.02,99.98,-32767
2017-10-13T03:00:09.000Z,6.02,99.98,-32767
2017-10-14T02:15:10.000Z,6.02,99.98,-32767
2017-10-15T02:50:09.000Z,6.02,99.98,-32767
2017-10-16T02:25:09.000Z,6.02,99.98,-32767
2017-10-17T02:40:10.000Z,6.02,99.98,-32767
2017-10-18T02:10:10.000Z,6.02,99.98,-32767
2017-10-19T02:30:08.000Z,6.02,99.98,31.77
2017-10-20T03:00:10.000Z,6.02,99.98,32.47
2017-10-21T02:20:09.000Z,6.02,99.98,-32767
2017-10-22T02:55:08.000Z,6.02,99.98,-32767
2017-10-23T02:10:09.000Z,6.02,99.98,-32767
2017-10-24T02:45:09.000Z,6.02,99.98,-32767
2017-10-25T02:15:09.000Z,6.02,99.98,-32767
2017-10-26T02:35:09.000Z,6.02,99.98,30.19
2017-10-27T03:00:09.000Z,6.02,99.98,-32767
2017-10-28T02:25:09.000Z,6.02,99.98,-32767
2017-10-29T03:00:09.000Z,6.02,99.98,-32767
2017-10-30T02:15:10.000Z,6.02,99.98,-32767
2017-10-31T02:50:09.000Z,6.02,99.98,-32767
2017-11-01T02:10:10.000Z,6.02,99.98,-32767
2017-11-02T02:40:10.000Z,6.02,99.98,-32767
2017-11-03T02:10:10.000Z,6.02,99.98,-32767
2017-11-04T02:30:09.000Z,6.02,99.98,-32767
2017-11-05T03:00:10.000Z,6.02,99.98,-32767
2017-11-06T02:19:59.000Z,6.02,99.98,-32767
2017-11-07T02:54:59.000Z,6.02,99.98,-32767
2017-11-08T02:09:59.000Z,6.02,99.98,-32767
2017-11-09T02:44:59.000Z,6.02,99.98,-32767
2017-11-10T02:04:59.000Z,6.02,99.98,-32767
2017-11-11T02:34:59.000Z,6.02,99.98,30.51
2017-11-12T02:59:59.000Z,6.02,99.98,-32767
2017-11-13T02:25:00.000Z,6.02,99.98,-32767
2017-11-14T02:59:59.000Z,6.02,99.98,-32767
2017-11-15T02:15:00.000Z,6.02,99.98,29.97
2017-11-16T02:50:00.000Z,6.02,99.98,31.31
2017-11-17T02:09:59.000Z,6.02,99.98,30.14
2017-11-18T02:40:00.000Z,6.02,99.98,31.62
2017-11-19T02:04:59.000Z,6.02,99.98,-32767
2017-11-20T02:29:59.000Z,6.02,99.98,-32767
2017-11-21T02:59:59.000Z,6.02,99.98,29.52
2017-11-22T02:19:59.000Z,6.02,99.98,-32767
2017-11-23T02:54:59.000Z,6.02,99.98,-32767
2017-11-24T02:09:59.000Z,6.02,99.98,-32767
2017-11-25T02:44:59.000Z,6.02,99.98,-32767
2017-11-26T02:05:00.000Z,6.02,99.98,-32767
2017-11-27T02:35:00.000Z,6.02,99.98,-32767
2017-11-28T03:00:00.000Z,6.02,99.98,-32767
2017-11-29T02:25:00.000Z,6.02,99.98,-32767
2017-11-30T03:00:00.000Z,6.02,99.98,-32767
2017-12-01T02:14:59.000Z,6.02,99.98,-32767
2017-12-02T02:50:00.000Z,6.02,99.98,-32767
2017-12-03T02:09:59.000Z,6.02,99.98,-32767
2017-12-04T02:39:59.000Z,6.02,99.98,-32767
2017-12-05T02:04:59.000Z,6.02,99.98,-32767
2017-12-06T02:29:59.000Z,6.02,99.98,-32767
2017-12-07T02:59:59.000Z,6.02,99.98,-32767
2017-12-08T02:19:59.000Z,6.02,99.98,29.43
2017-12-09T02:54:59.000Z,6.02,99.98,-32767
2017-12-10T02:10:00.000Z,6.02,99.98,-32767
2017-12-11T02:45:00.000Z,6.02,99.98,30.38
2017-12-12T02:04:58.000Z,6.02,99.98,-32767
2017-12-13T02:35:00.000Z,6.02,99.98,29.7
2017-12-14T03:00:00.000Z,6.02,99.98,-32767
2017-12-15T02:24:59.000Z,6.02,99.98,-32767
2017-12-16T03:00:00.000Z,6.02,99.98,-32767
2017-12-17T02:14:59.000Z,6.02,99.98,30.53
2017-12-18T02:49:59.000Z,6.02,99.98,30.38
2017-12-19T02:09:59.000Z,6.02,99.98,28.49
2017-12-20T01:25:00.000Z,6.02,99.98,29.41
2017-12-21T02:04:59.000Z,6.02,99.98,-32767
2017-12-22T02:29:59.000Z,6.02,99.98,29.55
2017-12-23T02:59:59.000Z,6.02,99.98,-32767
2017-12-24T02:20:00.000Z,6.02,99.98,-32767
2017-12-25T02:54:59.000Z,6.02,99.98,-32767
2017-12-26T02:09:59.000Z,6.02,99.98,-32767
2017-12-27T02:45:00.000Z,6.02,99.98,29.14
2017-12-28T02:04:59.000Z,6.02,99.98,-32767
2017-12-29T02:34:59.000Z,6.02,99.98,29.6
2017-12-30T02:59:59.000Z,6.02,99.98,-32767
2017-12-31T02:24:59.000Z,6.02,99.98,-32767
2018-01-01T02:59:59.000Z,6.02,99.98,-32767
2018-01-02T02:14:59.000Z,6.02,99.98,-32767
2018-01-03T02:49:59.000Z,6.02,99.98,-32767
2018-01-04T02:10:00.000Z,6.02,99.98,-32767
2018-01-05T02:39:59.000Z,6.02,99.98,-32767
2018-01-06T02:05:00.000Z,6.02,99.98,-32767
2018-01-07T02:30:00.000Z,6.02,99.98,-32767
2018-01-08T03:00:00.000Z,6.02,99.98,-32767
2018-01-09T02:19:59.000Z,6.02,99.98,-32767
2018-01-10T02:55:00.000Z,6.02,99.98,-32767
2018-01-11T02:09:59.000Z,6.02,99.98,-32767
2018-01-12T02:44:59.000Z,6.02,99.98,-32767
2018-01-13T02:04:59.000Z,6.02,99.98,-32767
2018-01-14T02:34:59.000Z,6.02,99.98,-32767
2018-01-15T02:59:59.000Z,6.02,99.98,-32767
2018-01-16T02:24:59.000Z,6.02,99.98,-32767
2018-01-17T02:59:59.000Z,6.02,99.98,-32767
2018-01-18T02:15:00.000Z,6.02,99.98,28.63
2018-01-19T02:49:59.000Z,6.02,99.98,30
2018-01-20T02:10:00.000Z,6.02,99.98,-32767
2018-01-21T02:40:00.000Z,6.02,99.98,-32767
2018-01-22T02:10:00.000Z,6.02,99.98,-32767
2018-01-23T02:29:59.000Z,6.02,99.98,-32767
2018-01-24T03:00:00.000Z,6.02,99.98,-32767
2018-01-25T02:19:59.000Z,6.02,99.98,-32767
2018-01-26T02:54:59.000Z,6.02,99.98,-32767
2018-01-27T02:09:59.000Z,6.02,99.98,-32767
2018-01-28T02:44:59.000Z,6.02,99.98,-32767
2018-01-29T02:04:59.000Z,6.02,99.98,-32767
2018-01-30T02:34:59.000Z,6.02,99.98,29.14
2018-01-31T02:59:59.000Z,6.02,99.98,-32767
2018-02-01T02:25:00.000Z,6.02,99.98,30.1
2018-02-02T02:59:59.000Z,6.02,99.98,30.14
2018-02-03T02:15:00.000Z,6.02,99.98,29.97
2018-02-04T02:50:00.000Z,6.02,99.98,29.52
2018-02-05T02:09:59.000Z,6.02,99.98,30.1
2018-02-06T02:40:00.000Z,6.02,99.98,29.51
2018-02-07T02:09:59.000Z,6.02,99.98,-32767
2018-02-08T02:29:59.000Z,6.02,99.98,29.05
2018-02-09T02:59:59.000Z,6.02,99.98,28.62
2018-02-10T02:19:59.000Z,6.02,99.98,28.67
2018-02-11T02:54:59.000Z,6.02,99.98,30.03
2018-02-12T02:09:59.000Z,6.02,99.98,-32767
2018-02-13T02:44:59.000Z,6.02,99.98,28.55
2018-02-14T02:14:59.000Z,6.02,99.98,-32767
2018-02-15T02:34:59.000Z,6.02,99.98,28.57
2018-02-16T02:59:59.000Z,6.02,99.98,-32767
2018-02-17T02:25:00.000Z,6.02,99.98,31
2018-02-18T02:59:59.000Z,6.02,99.98,31.22
2018-02-19T02:14:59.000Z,6.02,99.98,30.85
2018-02-20T02:50:00.000Z,6.02,99.98,30.07
2018-02-21T02:25:00.000Z,6.02,99.98,-32767
2018-02-22T02:39:59.000Z,6.02,99.98,29.67
2018-02-23T02:09:59.000Z,6.02,99.98,-32767
2018-02-24T02:29:59.000Z,6.02,99.98,-32767
2018-02-25T02:59:59.000Z,6.02,99.98,-32767
2018-02-26T02:19:59.000Z,6.02,99.98,30.46
2018-02-27T02:54:59.000Z,6.02,99.98,-32767
2018-02-28T02:29:59.000Z,6.02,99.98,28.53
2018-03-01T02:44:59.000Z,6.02,99.98,-32767
2018-03-02T02:19:59.000Z,6.02,99.98,-32767
2018-03-03T02:34:59.000Z,6.02,99.98,31.03
2018-03-04T02:59:59.000Z,6.02,99.98,-32767
2018-03-05T02:49:59.000Z,6.02,99.98,31.14
2018-03-06T02:59:59.000Z,6.02,99.98,31.24
2018-03-07T02:34:59.000Z,6.02,99.98,-32767
2018-03-08T02:50:00.000Z,6.02,99.98,30.28
2018-03-09T02:25:00.000Z,6.02,99.98,-32767
2018-03-10T02:39:59.000Z,6.02,99.98,29.84
2018-03-11T02:14:59.000Z,6.02,99.98,-32767
2018-03-12T02:55:00.000Z,6.02,99.98,-32767
2018-03-13T02:59:59.000Z,6.02,99.98,-32767
2018-03-14T02:45:00.000Z,6.02,99.98,28.83
2018-03-15T02:54:59.000Z,6.02,99.98,31.14
2018-03-16T02:29:59.000Z,6.02,99.98,-32767
2018-03-17T02:44:59.000Z,6.02,99.98,32.2
2018-03-18T02:19:59.000Z,6.02,99.98,-32767
2018-03-19T02:59:59.000Z,6.02,99.98,31.92
2018-03-20T03:00:00.000Z,6.02,99.98,31.42
2018-03-21T02:49:59.000Z,6.02,99.98,30.59
2018-03-22T03:00:00.000Z,6.02,99.98,-32767
2018-03-23T02:39:59.000Z,6.02,99.98,-32767
2018-03-24T02:50:00.000Z,6.02,99.98,-32767
2018-03-25T02:25:00.000Z,6.02,99.98,-32767
2018-03-26T02:39:59.000Z,6.02,99.98,31.15
2018-03-27T02:14:59.000Z,6.02,99.98,-32767
2018-03-28T03:00:00.000Z,6.02,99.98,30.67
2018-03-29T02:59:59.000Z,6.02,99.98,-32767
2018-03-30T02:45:00.000Z,6.02,99.98,31.49
2018-03-31T02:54:59.000Z,6.02,99.98,31.81
2018-04-01T02:34:59.000Z,6.02,99.98,-32767
2018-04-02T02:44:59.000Z,6.02,99.98,31.27
2018-04-03T02:19:59.000Z,6.02,99.98,-32767
2018-04-04T02:59:59.000Z,6.02,99.98,-32767
2018-04-05T02:59:59.000Z,6.02,99.98,-32767
2018-04-06T02:49:59.000Z,6.02,99.98,-32767
2018-04-07T02:59:59.000Z,6.02,99.98,-32767
2018-04-08T02:39:59.000Z,6.02,99.98,-32767
2018-04-09T02:50:00.000Z,6.02,99.98,-32767
2018-04-10T02:25:00.000Z,6.02,99.98,-32767
2018-04-11T02:39:59.000Z,6.02,99.98,-32767
2018-04-12T02:14:59.000Z,6.02,99.98,-32767
2018-04-13T02:59:59.000Z,6.02,99.98,31.01
2018-04-14T02:59:59.000Z,6.02,99.98,-32767
2018-04-15T02:45:00.000Z,6.02,99.98,-32767
2018-04-16T02:54:59.000Z,6.02,99.98,-32767
2018-04-17T02:34:59.000Z,6.02,99.98,-32767
2018-04-18T02:44:59.000Z,6.02,99.98,-32767
2018-04-19T02:19:59.000Z,6.02,99.98,-32767
2018-04-20T02:59:59.000Z,6.02,99.98,-32767
2018-04-21T03:00:00.000Z,6.02,99.98,-32767
2018-04-22T02:49:59.000Z,6.02,99.98,-32767
2018-04-23T03:00:00.000Z,6.02,99.98,-32767
2018-04-24T02:39:59.000Z,6.02,99.98,30.58
2018-04-25T02:50:00.000Z,6.02,99.98,-32767
2018-04-26T02:25:00.000Z,6.02,99.98,28.64
2018-04-27T02:39:59.000Z,6.02,99.98,-32767
2018-04-28T02:14:59.000Z,6.02,99.98,-32767
2018-04-29T03:00:00.000Z,6.02,99.98,30.72
2018-04-30T02:59:59.000Z,6.02,99.98,-32767
2018-05-01T02:44:58.000Z,6.02,99.98,-32767
2018-05-02T02:54:59.000Z,6.02,99.98,-32767
2018-05-03T02:34:59.000Z,6.02,99.98,-32767
2018-05-04T02:44:59.000Z,6.02,99.98,32.93
2018-05-05T02:19:59.000Z,6.02,99.98,-32767
2018-05-06T02:59:59.000Z,6.02,99.98,-32767
2018-05-07T02:09:59.000Z,6.02,99.98,-32767
2018-05-08T02:49:59.000Z,6.02,99.98,31.19
2018-05-09T03:00:00.000Z,6.02,99.98,-32767
2018-05-10T02:39:59.000Z,6.02,99.98,30.59
2018-05-11T02:50:00.000Z,6.02,99.98,30.14
2018-05-12T02:25:00.000Z,6.02,99.98,-32767
2018-05-13T02:39:59.000Z,6.02,99.98,-32767
2018-05-14T02:14:59.000Z,6.02,99.98,-32767
2018-05-15T03:00:00.000Z,6.02,99.98,-32767
2018-05-16T02:59:59.000Z,6.02,99.98,-32767
2018-05-17T02:44:59.000Z,6.02,99.98,-32767
2018-05-18T02:54:59.000Z,6.02,99.98,-32767
2018-05-19T02:34:59.000Z,6.02,99.98,-32767
2018-05-20T02:44:59.000Z,6.02,99.98,31.75
2018-05-21T02:19:59.000Z,6.02,99.98,-32767
2018-05-22T02:59:59.000Z,6.02,99.98,31.07
2018-05-23T02:10:00.000Z,6.02,99.98,-32767
2018-05-24T02:49:59.000Z,6.02,99.98,31.27
2018-05-25T03:00:00.000Z,6.02,99.98,-32767
2018-05-26T02:39:59.000Z,6.02,99.98,-32767
2018-05-27T02:50:00.000Z,6.02,99.98,-32767
2018-05-28T02:25:00.000Z,6.02,99.98,-32767
2018-05-29T02:39:59.000Z,6.02,99.98,-32767
2018-05-30T02:14:59.000Z,6.02,99.98,-32767
2018-05-31T03:00:00.000Z,6.02,99.98,31
2018-06-01T02:59:59.000Z,6.02,99.98,-32767
2018-06-02T02:44:59.000Z,6.02,99.98,-32767
2018-06-03T02:54:59.000Z,6.02,99.98,-32767
2018-06-04T02:34:59.000Z,6.02,99.98,-32767
2018-06-05T02:44:59.000Z,6.02,99.98,-32767
2018-06-06T02:19:59.000Z,6.02,99.98,-32767
2018-06-07T02:59:59.000Z,6.02,99.98,-32767
2018-06-08T02:10:00.000Z,6.02,99.98,-32767
2018-06-09T02:49:59.000Z,6.02,99.98,-32767
2018-06-10T03:00:00.000Z,6.02,99.98,32.83
2018-06-11T02:40:00.000Z,6.02,99.98,-32767
2018-06-12T02:49:59.000Z,6.02,99.98,-32767
2018-06-13T02:24:59.000Z,6.02,99.98,-32767
2018-06-14T02:39:59.000Z,6.02,99.98,-32767
2018-06-15T02:14:59.000Z,6.02,99.98,-32767
2018-06-16T02:55:00.000Z,6.02,99.98,-32767
2018-06-17T02:59:59.000Z,6.02,99.98,-32767
2018-06-18T02:44:59.000Z,6.02,99.98,-32767
2018-06-19T02:54:59.000Z,6.02,99.98,-32767
2018-06-20T02:34:59.000Z,6.02,99.98,-32767
2018-06-21T02:44:59.000Z,6.02,99.98,-32767
2018-06-22T02:19:59.000Z,6.02,99.98,-32767
2018-06-23T02:59:59.000Z,6.02,99.98,30.98
2018-06-24T02:10:00.000Z,6.02,99.98,-32767
2018-06-25T02:49:59.000Z,6.02,99.98,-32767
2018-06-26T03:00:00.000Z,6.02,99.98,-32767
2018-06-27T02:40:00.000Z,6.02,99.98,-32767
2018-06-28T02:49:59.000Z,6.02,99.98,-32767
2018-06-29T02:24:59.000Z,6.02,99.98,-32767
2018-06-30T02:39:59.000Z,6.02,99.98,30.77
2018-07-01T02:14:59.000Z,6.02,99.98,-32767
2018-07-02T02:55:00.000Z,6.02,99.98,-32767
2018-07-03T02:59:59.000Z,6.02,99.98,-32767
2018-07-04T02:44:59.000Z,6.02,99.98,-32767
2018-07-05T02:54:59.000Z,6.02,99.98,-32767
2018-07-06T02:34:59.000Z,6.02,99.98,-32767
2018-07-07T02:44:59.000Z,6.02,99.98,-32767
2018-07-08T02:19:59.000Z,6.02,99.98,-32767
2018-07-09T02:59:59.000Z,6.02,99.98,30.14
2018-07-10T02:10:00.000Z,6.02,99.98,-32767
2018-07-11T02:49:59.000Z,6.02,99.98,-32767
2018-07-12T03:00:00.000Z,6.02,99.98,-32767
2018-07-13T02:40:00.000Z,6.02,99.98,-32767
2018-07-14T02:49:59.000Z,6.02,99.98,-32767
2018-07-15T02:24:59.000Z,6.02,99.98,-32767
2018-07-16T02:39:59.000Z,6.02,99.98,30.55
2018-07-17T02:14:59.000Z,6.02,99.98,-32767
2018-07-18T03:00:00.000Z,6.02,99.98,-32767
2018-07-19T02:59:59.000Z,6.02,99.98,-32767
2018-07-20T02:44:59.000Z,6.02,99.98,-32767
2018-07-21T02:54:59.000Z,6.02,99.98,-32767
2018-07-22T02:34:59.000Z,6.02,99.98,-32767
2018-07-23T02:44:59.000Z,6.02,99.98,-32767
2018-07-24T02:19:59.000Z,6.02,99.98,-32767
2018-07-25T02:59:59.000Z,6.02,99.98,-32767
2018-07-26T02:10:00.000Z,6.02,99.98,-32767
2018-07-27T02:49:59.000Z,6.02,99.98,-32767
2018-07-28T03:00:00.000Z,6.02,99.98,-32767
2018-07-29T02:40:00.000Z,6.02,99.98,-32767
2018-07-30T02:50:00.000Z,6.02,99.98,-32767
2018-07-31T02:25:00.000Z,6.02,99.98,-32767
2018-08-01T02:39:59.000Z,6.02,99.98,-32767
2018-08-02T02:14:59.000Z,6.02,99.98,-32767
2018-08-03T03:00:00.000Z,6.02,99.98,-32767
2018-08-04T02:59:59.000Z,6.02,99.98,30.93
2018-08-05T02:44:59.000Z,6.02,99.98,30.8
2018-08-06T02:54:59.000Z,6.02,99.98,31.15
2018-08-07T02:34:59.000Z,6.02,99.98,29.85
2018-08-08T02:44:59.000Z,6.02,99.98,-32767
2018-08-09T02:19:59.000Z,6.02,99.98,-32767
2018-08-10T02:59:59.000Z,6.02,99.98,-32767
2018-08-11T02:10:00.000Z,6.02,99.98,-32767
2018-08-12T02:49:59.000Z,6.02,99.98,-32767
2018-08-13T03:00:00.000Z,6.02,99.98,-32767
2018-08-14T02:40:00.000Z,6.02,99.98,31.58
2018-08-15T02:50:00.000Z,6.02,99.98,-32767
2018-08-16T02:25:00.000Z,6.02,99.98,-32767
2018-08-17T02:39:59.000Z,6.02,99.98,-32767
2018-08-18T02:14:59.000Z,6.02,99.98,-32767
2018-08-19T03:00:00.000Z,6.02,99.98,-32767
2018-08-20T02:59:59.000Z,6.02,99.98,-32767
2018-08-21T02:44:59.000Z,6.02,99.98,-32767
2018-08-22T02:54:59.000Z,6.02,99.98,-32767
2018-08-23T02:34:59.000Z,6.02,99.98,-32767
2018-08-24T02:44:59.000Z,6.02,99.98,-32767
2018-08-25T02:19:59.000Z,6.02,99.98,-32767
2018-08-26T02:59:59.000Z,6.02,99.98,-32767
2018-08-27T03:00:00.000Z,6.02,99.98,-32767
2018-08-28T02:49:58.000Z,6.02,99.98,-32767
2018-08-29T02:59:58.000Z,6.02,99.98,-32767
2018-08-30T02:39:58.000Z,6.02,99.98,30.79
2018-08-31T02:49:58.000Z,6.02,99.98,30.78
2018-09-01T02:24:58.000Z,6.02,99.98,30.92
2018-09-02T01:24:58.000Z,6.02,99.98,32.02
2018-09-03T02:04:58.000Z,6.02,99.98,-32767
2018-09-04T01:09:58.000Z,6.02,99.98,-32767
2018-09-05T01:54:58.000Z,6.02,99.98,-32767
2018-09-06T02:19:58.000Z,6.02,99.98,-32767
2018-09-07T01:39:58.000Z,6.02,99.98,-32767
2018-09-08T02:34:57.000Z,6.02,99.98,-32767
2018-09-09T02:44:58.000Z,6.02,99.98,-32767
2018-09-09T13:04:57.000Z,6.02,99.98,-32767
2018-09-11T09:44:59.000Z,6.02,99.98,-32767
2018-09-13T02:49:58.000Z,6.02,99.98,-32767
2018-09-14T02:59:58.000Z,6.02,99.98,-32767
2018-09-17T02:24:58.000Z,6.02,99.98,-32767
2018-09-18T02:39:59.000Z,6.02,99.98,-32767
2018-09-18T22:39:58.000Z,6.02,99.98,-32767
2018-09-21T02:59:57.000Z,6.02,99.98,-32767
2018-09-22T02:44:59.000Z,6.02,99.98,-32767
2018-09-23T02:54:58.000Z,6.02,99.98,-32767
2018-09-24T02:29:58.000Z,6.02,99.98,-32767
2018-09-26T02:19:58.000Z,6.02,99.98,-32767
2018-09-27T02:59:57.000Z,6.02,99.98,31.09
2018-09-28T01:59:58.000Z,6.02,99.98,30.03
2018-09-29T02:49:58.000Z,6.02,99.98,30.45
2018-09-30T01:49:59.000Z,6.02,99.98,-32767
2018-10-01T01:54:58.000Z,6.02,99.98,-32767
2018-10-02T02:49:58.000Z,6.02,99.98,-32767
2018-10-03T02:09:57.000Z,6.02,99.98,-32767
2018-10-04T02:39:59.000Z,6.02,99.98,-32767
2018-10-05T02:04:58.000Z,6.02,99.98,-32767
2018-10-06T02:29:58.000Z,6.02,99.98,-32767
2018-10-07T02:59:57.000Z,6.02,99.98,-32767
2018-10-08T02:19:58.000Z,6.02,99.98,-32767
2018-10-09T02:54:58.000Z,6.02,99.98,-32767
2018-10-10T02:29:58.000Z,6.02,99.98,-32767
2018-10-11T02:44:58.000Z,6.02,99.98,31.02
2018-10-12T02:19:58.000Z,6.02,99.98,-32767
2018-10-13T02:34:58.000Z,6.02,99.98,-32767
2018-10-14T01:59:58.000Z,6.02,99.98,-32767
2018-10-15T02:24:58.000Z,6.02,99.98,-32767
2018-10-16T02:59:58.000Z,6.02,99.98,-32767
2018-10-17T02:14:59.000Z,6.02,99.98,30.05
2018-10-18T02:49:58.000Z,6.02,99.98,-32767
2018-10-19T02:24:58.000Z,6.02,99.98,-32767
2018-10-20T02:39:57.000Z,6.02,99.98,-32767
2018-10-22T02:29:58.000Z,6.02,99.98,-32767
2018-10-24T02:19:58.000Z,6.02,99.98,-32767
2018-10-25T02:54:58.000Z,6.02,99.98,-32767
2018-10-26T02:09:58.000Z,6.02,99.98,30.34
2018-10-27T02:44:58.000Z,6.02,99.98,31.06
2018-10-28T02:14:58.000Z,6.02,99.98,-32767
2018-10-29T02:34:58.000Z,6.02,99.98,-32767
2018-10-30T02:59:58.000Z,6.02,99.98,-32767
2018-10-31T02:24:59.000Z,6.02,99.98,-32767
2018-11-01T02:59:58.000Z,6.02,99.98,-32767
2018-11-02T02:14:57.000Z,6.02,99.98,-32767
2018-11-03T01:34:58.000Z,6.02,99.98,-32767
2018-11-04T02:09:58.000Z,6.02,99.98,-32767
2018-11-05T02:39:57.000Z,6.02,99.98,30.12
2018-11-05T12:59:59.000Z,6.02,99.98,-32767
2018-11-07T02:29:58.000Z,6.02,99.98,-32767
2018-11-08T02:59:58.000Z,6.02,99.98,-32767
2018-11-09T02:19:58.000Z,6.02,99.98,-32767
2018-11-10T02:54:58.000Z,6.02,99.98,-32767
2018-11-11T02:09:58.000Z,6.02,99.98,-32767
2018-11-11T23:39:58.000Z,6.02,99.98,-32767
2018-11-13T02:04:59.000Z,6.02,99.98,-32767
2018-11-14T02:34:59.000Z,6.02,99.98,-32767
2018-11-15T02:59:59.000Z,6.02,99.98,-32767
2018-11-16T02:24:57.000Z,6.02,99.98,-32767
2018-11-17T02:59:59.000Z,6.02,99.98,29.94
2018-11-18T02:14:58.000Z,6.02,99.98,-32767
2018-11-19T02:49:57.000Z,6.02,99.98,-32767
2018-11-20T02:09:58.000Z,6.02,99.98,-32767
2018-11-22T02:04:58.000Z,6.02,99.98,-32767
2018-11-23T02:29:58.000Z,6.02,99.98,29.59
2018-11-24T02:59:58.000Z,6.02,99.98,-32767
2018-11-25T02:19:58.000Z,6.02,99.98,-32767
2018-11-26T02:54:58.000Z,6.02,99.98,30.9
2018-11-27T02:09:59.000Z,6.02,99.98,-32767
2018-11-28T02:44:58.000Z,6.02,99.98,29.43
2018-11-29T02:04:57.000Z,6.02,99.98,-32767
2018-11-30T02:34:57.000Z,6.02,99.98,-32767
2018-12-01T02:59:57.000Z,6.02,99.98,-32767
2018-12-02T02:24:58.000Z,6.02,99.98,30.55
2018-12-03T02:59:57.000Z,6.02,99.98,-32767
2018-12-04T02:14:58.000Z,6.02,99.98,-32767
2018-12-04T18:54:58.000Z,6.02,99.98,-32767
2018-12-06T02:09:58.000Z,6.02,99.98,-32767
2018-12-07T02:39:58.000Z,6.02,99.98,-32767
2018-12-08T02:04:58.000Z,6.02,99.98,-32767
2018-12-09T02:29:58.000Z,6.02,99.98,30.1
2018-12-10T02:59:58.000Z,6.02,99.98,-32767
2018-12-10T21:29:58.000Z,6.02,99.98,-32767
2018-12-12T02:54:58.000Z,6.02,99.98,-32767
2018-12-13T02:09:58.000Z,6.02,99.98,-32767
2018-12-14T02:44:59.000Z,6.02,99.98,-32767
2018-12-15T02:04:58.000Z,6.02,99.98,-32767
2018-12-16T02:34:58.000Z,6.02,99.98,-32767
2018-12-17T02:59:58.000Z,6.02,99.98,-32767
2018-12-18T02:24:58.000Z,6.02,99.98,-32767
2018-12-19T02:59:58.000Z,6.02,99.98,-32767
2018-12-20T02:14:58.000Z,6.02,99.98,-32767
2018-12-21T02:49:58.000Z,6.02,99.98,30.15
2018-12-22T02:09:58.000Z,6.02,99.98,-32767
2018-12-23T02:39:58.000Z,6.02,99.98,29.99
2018-12-24T02:04:59.000Z,6.02,99.98,-32767
2018-12-25T02:29:59.000Z,6.02,99.98,-32767
2018-12-26T02:59:59.000Z,6.02,99.98,-32767
2018-12-27T02:19:58.000Z,6.02,99.98,29.58
2018-12-28T02:54:59.000Z,6.02,99.98,-32767
2018-12-29T02:09:58.000Z,6.02,99.98,31.87
2018-12-30T02:44:58.000Z,6.02,99.98,31.02
2018-12-31T02:04:58.000Z,6.02,99.98,-32767
2019-01-01T01:14:57.000Z,6.02,99.98,29.95
2019-01-02T02:59:58.000Z,6.02,99.98,-32767
2019-01-03T02:24:58.000Z,6.02,99.98,-32767
2019-01-04T02:59:58.000Z,6.02,99.98,-32767
2019-01-05T02:14:59.000Z,6.02,99.98,-32767
2019-01-06T02:49:58.000Z,6.02,99.98,29.42
2019-01-07T02:09:57.000Z,6.02,99.98,-32767
2019-01-08T02:39:59.000Z,6.02,99.98,29.5
2019-01-09T02:04:58.000Z,6.02,99.98,-32767
2019-01-10T02:29:58.000Z,6.02,99.98,29.39
2019-01-11T02:59:57.000Z,6.02,99.98,-32767
2019-01-13T02:54:58.000Z,6.02,99.98,-32767
2019-01-14T02:09:58.000Z,6.02,99.98,-32767
2019-01-15T02:44:58.000Z,6.02,99.98,29.39
2019-01-16T02:04:58.000Z,6.02,99.98,-32767
2019-01-17T02:34:58.000Z,6.02,99.98,-32767
2019-01-18T02:59:58.000Z,6.02,99.98,-32767
2019-01-19T02:24:59.000Z,6.02,99.98,-32767
2019-01-20T02:59:58.000Z,6.02,99.98,29.55
2019-01-21T02:14:57.000Z,6.02,99.98,30.35
2019-01-22T02:49:59.000Z,6.02,99.98,-32767
2019-01-23T02:09:58.000Z,6.02,99.98,-32767
2019-01-24T02:39:58.000Z,6.02,99.98,29.44
2019-01-25T02:09:58.000Z,6.02,99.98,-32767
2019-01-26T02:29:58.000Z,6.02,99.98,-32767
2019-01-27T02:59:58.000Z,6.02,99.98,-32767
2019-01-28T02:19:58.000Z,6.02,99.98,-32767
2019-01-29T02:54:58.000Z,6.02,99.98,-32767
2019-01-30T02:09:58.000Z,6.02,99.98,-32767
2019-01-31T02:44:58.000Z,6.02,99.98,-32767
2019-02-01T02:04:59.000Z,6.02,99.98,-32767
2019-02-02T02:34:59.000Z,6.02,99.98,-32767
2019-02-03T02:59:59.000Z,6.02,99.98,-32767
2019-02-04T02:24:57.000Z,6.02,99.98,-32767
2019-02-05T02:59:59.000Z,6.02,99.98,30.46
2019-02-06T02:14:58.000Z,6.02,99.98,30.37
2019-02-06T10:49:57.000Z,6.02,99.98,30.27
2019-02-08T02:09:58.000Z,6.02,99.98,30.83
2019-02-09T02:39:58.000Z,6.02,99.98,30.82
2019-02-10T02:09:58.000Z,6.02,99.98,-32767
2019-02-11T02:29:58.000Z,6.02,99.98,29.79
2019-02-12T02:59:58.000Z,6.02,99.98,29.95
2019-02-13T02:19:58.000Z,6.02,99.98,30.09
2019-02-14T02:54:58.000Z,6.02,99.98,30.38
2019-02-15T02:09:59.000Z,6.02,99.98,29.73
2019-02-16T02:44:58.000Z,6.02,99.98,28.92
2019-02-17T02:14:59.000Z,6.02,99.98,-32767
2019-02-18T02:34:59.000Z,6.02,99.98,28.72
2019-02-19T02:59:59.000Z,6.02,99.98,31.59
2019-02-20T02:24:58.000Z,6.02,99.98,31.03
2019-02-20T23:54:58.000Z,6.02,99.98,-32767
2019-02-22T02:14:58.000Z,6.02,99.98,30.45
2019-02-23T02:49:58.000Z,6.02,99.98,30.65
2019-02-24T02:24:58.000Z,6.02,99.98,28.5
2019-02-25T02:39:58.000Z,6.02,99.98,29.45
2019-02-26T02:09:58.000Z,6.02,99.98,-32767
2019-02-27T02:29:58.000Z,6.02,99.98,30.1
2019-02-28T02:59:58.000Z,6.02,99.98,30.17
2019-03-01T02:19:59.000Z,6.02,99.98,30.64
2019-03-02T02:54:58.000Z,6.02,99.98,29.14
2019-03-03T02:29:58.000Z,6.02,99.98,-32767
2019-03-04T02:44:59.000Z,6.02,99.98,30.19
2019-03-05T02:19:59.000Z,6.02,99.98,-32767
2019-03-06T02:34:57.000Z,6.02,99.98,28.93
2019-03-07T02:59:57.000Z,6.02,99.98,30.37
2019-03-08T02:49:58.000Z,6.02,99.98,-32767
2019-03-09T02:59:57.000Z,6.02,99.98,30.85
2019-03-10T02:34:57.000Z,6.02,99.98,30.41
2019-03-11T02:49:58.000Z,6.02,99.98,30.65
2019-03-12T02:24:58.000Z,6.02,99.98,30.97
2019-03-13T02:39:58.000Z,6.02,99.98,31.3
2019-03-14T02:14:58.000Z,6.02,99.98,-32767
2019-03-15T02:54:58.000Z,6.02,99.98,30.74
2019-03-16T02:59:58.000Z,6.02,99.98,30.8
2019-03-17T02:44:58.000Z,6.02,99.98,31.68
2019-03-18T02:54:58.000Z,6.02,99.98,30.47
2019-03-19T02:29:58.000Z,6.02,99.98,31.61
2019-03-20T02:44:59.000Z,6.02,99.98,-32767
2019-03-22T02:59:58.000Z,6.02,99.98,30.65
2019-03-23T02:59:57.000Z,6.02,99.98,-32767
2019-03-24T02:49:58.000Z,6.02,99.98,31.6
2019-03-25T02:59:57.000Z,6.02,99.98,30.74
2019-03-26T02:39:59.000Z,6.02,99.98,-32767
2019-03-27T01:29:59.000Z,6.02,99.98,31.09
2019-03-28T02:09:58.000Z,6.02,99.98,-32767
2019-03-29T02:39:58.000Z,6.02,99.98,33.29
2019-03-30T02:14:58.000Z,6.02,99.98,-32767
2019-03-31T02:29:58.000Z,6.02,99.98,31.89
2019-04-01T02:59:58.000Z,6.02,99.98,-32767
2019-04-02T02:19:59.000Z,6.02,99.98,-32767
2019-04-03T02:54:58.000Z,6.02,99.98,-32767
2019-04-04T02:34:58.000Z,6.02,99.98,31.72
2019-04-05T02:44:59.000Z,6.02,99.98,32.41
2019-04-06T02:19:59.000Z,6.02,99.98,-32767
2019-04-07T02:59:58.000Z,6.02,99.98,32.23
2019-04-08T02:59:57.000Z,6.02,99.98,-32767
2019-04-09T02:49:58.000Z,6.02,99.98,33
2019-04-10T02:59:57.000Z,6.02,99.98,-32767
2019-04-11T02:39:59.000Z,6.02,99.98,-32767
2019-04-12T02:49:58.000Z,6.02,99.98,-32767
2019-04-13T02:24:58.000Z,6.02,99.98,-32767
2019-04-14T02:39:58.000Z,6.02,99.98,31.81
2019-04-15T02:14:58.000Z,6.02,99.98,-32767
2019-04-16T02:54:58.000Z,6.02,99.98,-32767
2019-04-17T02:59:58.000Z,6.02,99.98,-32767
2019-04-18T02:44:58.000Z,6.02,99.98,-32767
2019-04-19T02:54:58.000Z,6.02,99.98,32.38
2019-04-20T02:34:58.000Z,6.02,99.98,-32767
2019-04-21T02:44:59.000Z,6.02,99.98,-32767
2019-04-22T02:19:59.000Z,6.02,99.98,-32767
2019-04-23T02:59:58.000Z,6.02,99.98,-32767
2019-04-24T02:59:57.000Z,6.02,99.98,-32767
2019-04-26T02:59:57.000Z,6.02,99.98,-32767
2019-04-27T02:39:57.000Z,6.02,99.98,-32767
2019-04-28T02:49:58.000Z,6.02,99.98,-32767
2019-04-29T02:24:58.000Z,6.02,99.98,-32767
2019-04-30T02:39:58.000Z,6.02,99.98,33.17
2019-05-01T02:14:58.000Z,6.02,99.98,-32767
2019-05-02T02:54:58.000Z,6.02,99.98,32.58
2019-05-03T02:59:58.000Z,6.02,99.98,-32767
2019-05-04T02:44:58.000Z,6.02,99.98,32.95
2019-05-05T02:54:58.000Z,6.02,99.98,-32767
2019-05-06T02:34:58.000Z,6.02,99.98,-32767
2019-05-07T02:44:59.000Z,6.02,99.98,-32767
2019-05-08T02:19:59.000Z,6.02,99.98,-32767
2019-05-09T02:59:58.000Z,6.02,99.98,-32767
2019-05-10T02:09:58.000Z,6.02,99.98,29.73
2019-05-11T02:49:59.000Z,6.02,99.98,-32767
2019-05-12T02:59:58.000Z,6.02,99.98,-32767
2019-05-13T02:39:57.000Z,6.02,99.98,-32767
2019-05-14T02:49:58.000Z,6.02,99.98,30.96
2019-05-15T02:24:58.000Z,6.02,99.98,30.79
2019-05-16T02:39:58.000Z,6.02,99.98,-32767
2019-05-17T02:14:58.000Z,6.02,99.98,-32767
2019-05-18T02:54:58.000Z,6.02,99.98,-32767
2019-05-19T02:59:58.000Z,6.02,99.98,-32767
2019-05-20T02:44:58.000Z,6.02,99.98,30.34
2019-05-21T02:54:59.000Z,6.02,99.98,-32767
2019-05-22T02:29:59.000Z,6.02,99.98,29.88
2019-05-23T02:44:57.000Z,6.02,99.98,30.57
2019-05-24T02:19:57.000Z,6.02,99.98,-32767
2019-05-25T02:59:58.000Z,6.02,99.98,-32767
2019-05-26T02:09:58.000Z,6.02,99.98,30
2019-05-27T02:49:59.000Z,6.02,99.98,-32767
2019-05-28T01:44:58.000Z,6.02,99.98,-32767
2019-05-29T02:14:58.000Z,6.02,99.98,-32767
2019-05-30T02:49:58.000Z,6.02,99.98,-32767
2019-05-31T02:09:58.000Z,6.02,99.98,-32767
2019-06-01T02:39:58.000Z,6.02,99.98,-32767
2019-06-02T02:14:58.000Z,6.02,99.98,-32767
2019-06-03T02:54:58.000Z,6.02,99.98,30.89
2019-06-04T01:59:59.000Z,6.02,99.98,-32767
2019-06-05T02:19:57.000Z,6.02,99.98,-32767
2019-06-06T02:54:59.000Z,6.02,99.98,-32767
2019-06-07T02:29:59.000Z,6.02,99.98,-32767
2019-06-08T02:44:57.000Z,6.02,99.98,-32767
2019-06-09T02:19:57.000Z,6.02,99.98,-32767
2019-06-10T02:34:58.000Z,6.02,99.98,-32767
2019-06-11T02:09:58.000Z,6.02,99.98,-32767
2019-06-12T02:49:57.000Z,6.02,99.98,-32767
2019-06-13T02:59:58.000Z,6.02,99.98,-32767
2019-06-14T02:39:58.000Z,6.02,99.98,-32767
2019-06-15T02:49:58.000Z,6.02,99.98,-32767
2019-06-16T02:24:58.000Z,6.02,99.98,-32767
2019-06-17T02:39:58.000Z,6.02,99.98,-32767
2019-06-18T02:14:58.000Z,6.02,99.98,-32767
2019-06-19T02:54:58.000Z,6.02,99.98,-32767
2019-06-20T02:59:59.000Z,6.02,99.98,-32767
2019-06-21T02:44:58.000Z,6.02,99.98,-32767
2019-06-22T02:54:59.000Z,6.02,99.98,-32767
2019-06-23T02:29:59.000Z,6.02,99.98,-32767
2019-06-24T02:44:57.000Z,6.02,99.98,-32767
2019-06-25T02:19:57.000Z,6.02,99.98,-32767
2019-06-26T02:59:59.000Z,6.02,99.98,-32767
2019-06-27T02:09:58.000Z,6.02,99.98,-32767
2019-06-28T02:49:57.000Z,6.02,99.98,-32767
2019-06-29T02:59:58.000Z,6.02,99.98,31.39
2019-06-30T02:39:58.000Z,6.02,99.98,-32767
2019-07-05T02:54:58.000Z,6.02,99.98,-32767
2019-07-06T02:59:59.000Z,6.02,99.98,-32767
2019-07-07T02:44:58.000Z,6.02,99.98,31.17
2019-07-08T02:54:59.000Z,6.02,99.98,-32767
2019-07-09T02:29:59.000Z,6.02,99.98,30.77
2019-07-10T02:44:58.000Z,6.02,99.98,-32767
2019-07-11T02:19:58.000Z,6.02,99.98,-32767
2019-07-12T02:59:59.000Z,6.02,99.98,31.13
2019-07-13T02:09:58.000Z,6.02,99.98,-32767
2019-07-14T02:49:57.000Z,6.02,99.98,30.84
2019-07-15T02:59:58.000Z,6.02,99.98,-32767
2019-07-16T02:39:58.000Z,6.02,99.98,-32767
2019-07-17T02:49:58.000Z,6.02,99.98,-32767
2019-07-18T02:24:58.000Z,6.02,99.98,30.15
2019-07-19T02:39:58.000Z,6.02,99.98,-32767
2019-07-20T02:14:58.000Z,6.02,99.98,-32767
2019-07-21T02:54:58.000Z,6.02,99.98,-32767
2019-07-22T02:59:59.000Z,6.02,99.98,-32767
2019-07-23T02:44:58.000Z,6.02,99.98,30.8
2019-07-24T02:54:59.000Z,6.02,99.98,30.94
2019-07-25T02:29:59.000Z,6.02,99.98,-32767
2019-07-26T02:44:58.000Z,6.02,99.98,-32767
2019-07-27T02:19:58.000Z,6.02,99.98,-32767
2019-07-28T01:19:59.000Z,6.02,99.98,-32767
2019-07-29T02:04:58.000Z,6.02,99.98,31.42
2019-07-30T02:49:57.000Z,6.02,99.98,30.89
2019-07-31T02:59:58.000Z,6.02,99.98,-32767
2019-08-01T02:39:58.000Z,6.02,99.98,-32767
2019-08-01T20:29:57.000Z,6.02,99.98,-32767
2019-08-03T02:24:58.000Z,6.02,99.98,-32767
2019-08-05T02:14:58.000Z,6.02,99.98,-32767
2019-08-07T02:59:59.000Z,6.02,99.98,-32767
2019-08-08T02:44:58.000Z,6.02,99.98,-32767
2019-08-09T02:54:57.000Z,6.02,99.98,-32767
2019-08-10T02:29:59.000Z,6.02,99.98,-32767
2019-08-11T02:44:58.000Z,6.02,99.98,-32767
2019-08-12T02:19:58.000Z,6.02,99.98,-32767
2019-08-13T02:59:59.000Z,6.02,99.98,-32767
2019-08-14T02:59:58.000Z,6.02,99.98,-32767
2019-08-15T02:49:57.000Z,6.02,99.98,-32767
2019-08-16T02:59:58.000Z,6.02,99.98,-32767
2019-08-17T02:39:58.000Z,6.02,99.98,-32767
2019-08-18T02:49:58.000Z,6.02,99.98,-32767
2019-08-19T02:24:58.000Z,6.02,99.98,-32767
2019-08-20T02:39:58.000Z,6.02,99.98,29.67
2019-08-21T02:14:58.000Z,6.02,99.98,-32767
2019-08-22T02:54:58.000Z,6.02,99.98,-32767
2019-08-23T02:59:59.000Z,6.02,99.98,29.61
2019-08-24T02:44:58.000Z,6.02,99.98,-32767
2019-08-25T02:54:57.000Z,6.02,99.98,-32767
2019-08-26T02:29:59.000Z,6.02,99.98,-32767
